s,forward,upward,foamSource,crestMask,dForwardDs,dUpwardDs,flowSpeed,breakingWeight
-240,4.11133e-23,0.65758,0,0,0,0,7,0
-239.531,5.01107e-23,0.660667,0,0,2.12486e-23,0.00658746,7,0
-239.062,6.10533e-23,0.663762,0,0,2.58376e-23,0.00660543,7,0
-238.592,7.43571e-23,0.666865,0,0,3.14058e-23,0.00662341,7,0
-238.123,9.0525e-23,0.669977,0,0,3.81592e-23,0.00664132,7,0
-237.654,1.10166e-22,0.673098,0,0,4.63463e-23,0.00665904,7,0
-237.185,1.34017e-22,0.676226,0,0,5.62683e-23,0.00667682,7,0
-236.716,1.62969e-22,0.679363,0,0,6.82883e-23,0.0066948,7,0
-236.246,1.981e-22,0.682509,0,0,8.28432e-23,0.00671258,7,0
-235.777,2.40711e-22,0.685663,0,0,1.00464e-22,0.0067303,7,0
-235.308,2.92377e-22,0.688825,0,0,1.21783e-22,0.00674802,7,0
-234.839,3.54994e-22,0.691995,0,0,1.47565e-22,0.00676568,7,0
-234.37,4.30854e-22,0.695174,0,0,1.78741e-22,0.00678328,7,0
-233.9,5.22727e-22,0.698361,0,0,2.16418e-22,0.00680081,7,0
-233.431,6.33944e-22,0.701556,0,0,2.61932e-22,0.00681834,7,0
-232.962,7.68528e-22,0.704759,0,0,3.169e-22,0.0068358,7,0
-232.493,9.31329e-22,0.70797,0,0,3.83264e-22,0.00685314,7,0
-232.023,1.12819e-21,0.71119,0,0,4.6333e-22,0.00687048,7,0
-231.554,1.36613e-21,0.714418,0,0,5.59896e-22,0.00688795,7,0
-231.085,1.6536e-21,0.717654,0,0,6.7635e-22,0.00690529,7,0
-230.616,2.00082e-21,0.720898,0,0,8.167e-22,0.0069225,7,0
-230.147,2.42001e-21,0.72415,0,0,9.85772e-22,0.00693965,7,0
-229.677,2.92589e-21,0.72741,0,0,1.18939e-21,0.00695648,7,0
-229.208,3.53615e-21,0.730678,0,0,1.43453e-21,0.00697357,7,0
-228.739,4.27208e-21,0.733954,0,0,1.7295e-21,0.00699085,7,0
-228.27,5.15915e-21,0.737238,0,0,2.08432e-21,0.00700793,7,0
-227.801,6.22803e-21,0.740531,0,0,2.51097e-21,0.00702496,7,0
-227.331,7.51548e-21,0.743831,0,0,3.02379e-21,0.00704172,7,0
-226.862,9.06561e-21,0.747139,0,0,3.63988e-21,0.00705849,7,0
-226.393,1.09312e-20,0.750455,0,0,4.37987e-21,0.00707526,7,0
-225.924,1.31758e-20,0.753778,0,0,5.26822e-21,0.00709203,7,0
-225.455,1.5875e-20,0.75711,0,0,6.33425e-21,0.0071088,7,0
-224.985,1.91199e-20,0.760449,0,0,7.61301e-21,0.00712518,7,0
-224.516,2.30192e-20,0.763796,0,0,9.14639e-21,0.00714157,7,0
-224.047,2.7703e-20,0.767151,0,0,1.09843e-20,0.00715828,7,0
-223.578,3.3327e-20,0.770514,0,0,1.31864e-20,0.00717473,7,0
-223.109,4.00774e-20,0.773884,0,0,1.58242e-20,0.00719111,7,0
-222.639,4.81767e-20,0.777262,0,0,1.89818e-20,0.0072075,7,0
-222.17,5.78903e-20,0.780648,0,0,2.27608e-20,0.0072237,7,0
-221.701,6.95358e-20,0.784041,0,0,2.72823e-20,0.00723989,7,0
-221.232,8.34925e-20,0.787442,0,0,3.26883e-20,0.00725609,7,0
-220.762,1.00211e-19,0.79085,0,0,3.91495e-20,0.00727222,7,0
-220.293,1.20231e-19,0.794266,0,0,4.68709e-20,0.00728817,7,0
-219.824,1.44195e-19,0.797689,0,0,5.60927e-20,0.00730411,7,0
-219.355,1.72869e-19,0.80112,0,0,6.71029e-20,0.0073198,7,0
-218.886,2.07166e-19,0.804558,0,0,8.02458e-20,0.0073358,7,0
-218.416,2.48173e-19,0.808004,0,0,9.59233e-20,0.00735175,7,0
-217.947,2.97182e-19,0.811457,0,0,1.14616e-19,0.00736718,7,0
-217.478,3.55731e-19,0.814918,0,0,1.369e-19,0.00738274,7,0
-217.009,4.25651e-19,0.818385,0,0,1.63455e-19,0.0073983,7,0
-216.54,5.09119e-19,0.82186,0,0,1.95088e-19,0.00741387,7,0
-216.07,6.08725e-19,0.825343,0,0,2.32749e-19,0.00742936,7,0
-215.601,7.27535e-19,0.828832,0,0,2.77567e-19,0.00744467,7,0
-215.132,8.69199e-19,0.832329,0,0,3.30889e-19,0.00745979,7,0
-214.663,1.03805e-18,0.835833,0,0,3.94302e-19,0.00747497,7,0
-214.194,1.23922e-18,0.839344,0,0,4.69683e-19,0.00749021,7,0
-213.724,1.47881e-18,0.842862,0,0,5.59264e-19,0.00750533,7,0
-213.255,1.76404e-18,0.846387,0,0,6.65671e-19,0.00752025,7,0
-212.786,2.10348e-18,0.849919,0,0,7.92008e-19,0.00753512,7,0
-212.317,2.50727e-18,0.853458,0,0,9.41955e-19,0.00754992,7,0
-211.848,2.98743e-18,0.857004,0,0,1.11988e-18,0.00756472,7,0
-211.378,3.55819e-18,0.860557,0,0,1.33088e-18,0.00757939,7,0
-210.909,4.23635e-18,0.864116,0,0,1.58099e-18,0.00759393,7,0
-210.44,5.04182e-18,0.867683,0,0,1.87739e-18,0.00760854,7,0
-209.971,5.99812e-18,0.871256,0,0,2.22848e-18,0.00762283,7,0
-209.501,7.13306e-18,0.874836,0,0,2.64423e-18,0.00763725,7,0
-209.032,8.47951e-18,0.878423,0,0,3.13632e-18,0.00765167,7,0
-208.563,1.00762e-17,0.882017,0,0,3.71851e-18,0.00766577,7,0
-208.094,1.1969e-17,0.885617,0,0,4.40705e-18,0.00767993,7,0
-207.625,1.42119e-17,0.889224,0,0,5.22104e-18,0.00769397,7,0
-207.155,1.68685e-17,0.892837,0,0,6.18321e-18,0.00770788,7,0
-206.686,2.00143e-17,0.896457,0,0,7.31965e-18,0.00772173,7,0
-206.217,2.37374e-17,0.900083,0,0,8.66132e-18,0.00773551,7,0
-205.748,2.81422e-17,0.903716,0,0,1.02451e-17,0.00774923,7,0
-205.279,3.33516e-17,0.907355,0,0,1.2114e-17,0.00776289,7,0
-204.809,3.95102e-17,0.911001,0,0,1.43179e-17,0.00777629,7,0
-204.34,4.67878e-17,0.914653,0,0,1.69163e-17,0.00778982,7,0
-203.871,5.53847e-17,0.918311,0,0,1.99789e-17,0.00780328,7,0
-203.402,6.55363e-17,0.921975,0,0,2.35863e-17,0.00781643,7,0
-202.933,7.75185e-17,0.925646,0,0,2.78341e-17,0.00782964,7,0
-202.463,9.16564e-17,0.929323,0,0,3.2835e-17,0.00784273,7,0
-201.994,1.08331e-16,0.933006,0,0,3.87183e-17,0.00785556,7,0
-201.525,1.2799e-16,0.936695,0,0,4.56382e-17,0.00786851,7,0
-201.056,1.51159e-16,0.94039,0,0,5.3775e-17,0.00788153,7,0
-200.587,1.78454e-16,0.944091,0,0,6.33355e-17,0.00789424,7,0
-200.117,2.10594e-16,0.947798,0,0,7.45669e-17,0.00790681,7,0
-199.648,2.48428e-16,0.951511,0,0,8.77573e-17,0.00791933,7,0
-199.179,2.92947e-16,0.955229,0,0,1.03241e-16,0.00793159,7,0
-198.71,3.45312e-16,0.958954,0,0,1.21409e-16,0.00794391,7,0
-198.24,4.0688e-16,0.962684,0,0,1.42716e-16,0.00795629,7,0
-197.771,4.79238e-16,0.96642,0,0,1.67698e-16,0.00796842,7,0
-197.302,5.6425e-16,0.970162,0,0,1.96984e-16,0.00798049,7,0
-196.833,6.64091e-16,0.973909,0,0,2.31288e-16,0.00799237,7,0
-196.364,7.81295e-16,0.977662,0,0,2.71451e-16,0.00800406,7,0
-195.894,9.18825e-16,0.98142,0,0,3.18471e-16,0.00801594,7,0
-195.425,1.08015e-15,0.985184,0,0,3.73494e-16,0.00802762,7,0
-194.956,1.26932e-15,0.988954,0,0,4.37854e-16,0.00803912,7,0
-194.487,1.49104e-15,0.992728,0,0,5.13096e-16,0.00805061,7,0
-194.018,1.75082e-15,0.996508,0,0,6.01035e-16,0.00806186,7,0
-193.548,2.05506e-15,1.00029,0,0,7.03778e-16,0.0080731,7,0
-193.079,2.41125e-15,1.00408,0,0,8.23754e-16,0.00808422,7,0
-192.61,2.82809e-15,1.00788,0,0,9.63832e-16,0.00809527,7,0
-192.141,3.31573e-15,1.01168,0,0,1.12727e-15,0.00810619,7,0
-191.672,3.88594e-15,1.01549,0,0,1.31789e-15,0.00811712,7,0
-191.202,4.55246e-15,1.0193,0,0,1.54015e-15,0.00812766,7,0
-190.733,5.33124e-15,1.02311,0,0,1.79919e-15,0.00813808,7,0
-190.264,6.24085e-15,1.02694,0,0,2.10101e-15,0.00814887,7,0
-189.795,7.30286e-15,1.03076,0,0,2.45253e-15,0.00815929,7,0
-189.326,8.54234e-15,1.03459,0,0,2.86167e-15,0.00816958,7,0
-188.856,9.98831e-15,1.03843,0,0,3.33776e-15,0.00817962,7,0
-188.387,1.16746e-14,1.04227,0,0,3.89154e-15,0.00818952,7,0
-187.918,1.36402e-14,1.04611,0,0,4.53556e-15,0.00819956,7,0
-187.449,1.59308e-14,1.04996,0,0,5.28397e-15,0.00820934,7,0
-186.979,1.85987e-14,1.05382,0,0,6.15334e-15,0.008219,7,0
-186.51,2.17052e-14,1.05768,0,0,7.16316e-15,0.00822865,7,0
-186.041,2.53208e-14,1.06154,0,0,8.33538e-15,0.00823818,7,0
-185.572,2.95273e-14,1.06541,0,0,9.69566e-15,0.00824745,7,0
-185.103,3.44193e-14,1.06928,0,0,1.12734e-14,0.0082566,7,0
-184.633,4.01064e-14,1.07315,0,0,1.31029e-14,0.00826587,7,0
-184.164,4.67154e-14,1.07703,0,0,1.52235e-14,0.00827489,7,0
-183.695,5.43924e-14,1.08092,0,0,1.76801e-14,0.00828366,7,0
-183.226,6.33066e-14,1.08481,0,0,2.05255e-14,0.00829242,7,0
-182.757,7.36538e-14,1.0887,0,0,2.38192e-14,0.00830106,7,0
-182.287,8.56589e-14,1.0926,0,0,2.76303e-14,0.0083097,7,0
-181.818,9.95826e-14,1.0965,0,0,3.2039e-14,0.00831821,7,0
-181.349,1.15725e-13,1.1004,0,0,3.71365e-14,0.00832647,7,0
-180.88,1.34432e-13,1.10431,0,0,4.30284e-14,0.0083346,7,0
-180.411,1.56103e-13,1.10823,0,0,4.98355e-14,0.00834247,7,0
-179.941,1.81199e-13,1.11214,0,0,5.76971e-14,0.00835047,7,0
-179.472,2.10247e-13,1.11606,0,0,6.67726e-14,0.00835835,7,0
-179.003,2.43859e-13,1.11999,0,0,7.72456e-14,0.00836597,7,0
-178.534,2.82736e-13,1.12391,0,0,8.93274e-14,0.00837347,7,0
-178.065,3.27685e-13,1.12784,0,0,1.03257e-13,0.00838071,7,0
-177.595,3.79634e-13,1.13178,0,0,1.19311e-13,0.0083882,7,0
-177.126,4.39649e-13,1.13571,0,0,1.37808e-13,0.00839544,7,0
-176.657,5.08955e-13,1.13966,0,0,1.59111e-13,0.00840243,7,0
-176.188,5.88961e-13,1.1436,0,0,1.83634e-13,0.00840954,7,0
-175.718,6.8128e-13,1.14755,0,0,2.11855e-13,0.00841615,7,0
-175.249,7.87769e-13,1.1515,0,0,2.44318e-13,0.0084225,7,0
-174.78,9.10552e-13,1.15545,0,0,2.81642e-13,0.00842911,7,0
-174.311,1.05207e-12,1.15941,0,0,3.24544e-13,0.00843571,7,0
-173.842,1.21511e-12,1.16337,0,0,3.73842e-13,0.00844206,7,0
-173.372,1.40289e-12,1.16733,0,0,4.30451e-13,0.00844804,7,0
-172.903,1.61905e-12,1.1713,0,0,4.95429e-13,0.00845388,7,0
-172.434,1.8678e-12,1.17526,0,0,5.70002e-13,0.00845985,7,0
-171.965,2.15395e-12,1.17923,1.4013e-45,0,6.55543e-13,0.00846557,7,0
-171.496,2.48298e-12,1.18321,2.8026e-45,0,7.53628e-13,0.00847116,7,0
-171.026,2.86117e-12,1.18718,4.2039e-45,0,8.66047e-13,0.00847662,7,0
-170.557,3.29569e-12,1.19116,8.40779e-45,0,9.9484e-13,0.00848195,7,0
-170.088,3.79474e-12,1.19514,1.4013e-44,0,1.14235e-12,0.00848703,7,0
-169.619,4.36769e-12,1.19913,2.52234e-44,0,1.31121e-12,0.00849199,7,0
-169.15,5.0252e-12,1.20311,4.48416e-44,0,1.50448e-12,0.00849732,7,0
-168.68,5.77952e-12,1.2071,7.9874e-44,0,1.72555e-12,0.00850202,7,0
-168.211,6.64449e-12,1.21109,1.41531e-43,0,1.97826e-12,0.00850634,7,0
-167.742,7.63595e-12,1.21508,2.55036e-43,0,2.26711e-12,0.00851079,7,0
-167.273,8.77198e-12,1.21908,4.52619e-43,0,2.59714e-12,0.00851524,7,0
-166.804,1.00732e-11,1.22307,8.05747e-43,0,2.97405e-12,0.00851943,7,0
-166.334,1.15629e-11,1.22707,1.43073e-42,0,3.4043e-12,0.00852349,7,0
-165.865,1.32678e-11,1.23107,2.53495e-42,0,3.8953e-12,0.00852756,7,0
-165.396,1.52183e-11,1.23507,4.48416e-42,0,4.45536e-12,0.00853124,7,0
-164.927,1.74488e-11,1.23908,7.92014e-42,0,5.09395e-12,0.0085348,7,0
-164.457,1.99985e-11,1.24308,1.39639e-41,0,5.82178e-12,0.00853823,7,0
-163.988,2.2912e-11,1.24709,2.45774e-41,0,6.6511e-12,0.00854153,7,0
-163.519,2.624e-11,1.2511,4.3181e-41,0,7.59546e-12,0.00854483,7,0
-163.05,3.00397e-11,1.25511,7.57402e-41,0,8.67033e-12,0.00854788,7,0
-162.581,3.43764e-11,1.25912,1.32619e-40,0,9.89362e-12,0.00855093,7,0
-162.111,3.93241e-11,1.26313,2.31813e-40,0,1.12851e-11,0.00855373,7,0
-161.642,4.49665e-11,1.26715,4.04504e-40,0,1.28675e-11,0.00855614,7,0
-161.173,5.13991e-11,1.27116,7.04646e-40,0,1.46656e-11,0.00855868,7,0
-160.704,5.8729e-11,1.27518,1.22536e-39,0,1.67081e-11,0.00856097,7,0
-160.235,6.70783e-11,1.2792,2.1272e-39,0,1.9028e-11,0.00856325,7,0
-159.765,7.65852e-11,1.28321,3.68642e-39,0,2.16617e-11,0.00856529,7,0
-159.296,8.7406e-11,1.28723,6.37759e-39,0,2.46505e-11,0.00856694,7,0
-158.827,9.97177e-11,1.29125,1.10144e-38,0,2.80402e-11,0.00856859,7,0
-158.358,1.13719e-10,1.29528,1.89898e-38,0,3.18829e-11,0.00857024,7,0
-157.889,1.29637e-10,1.2993,3.26835e-38,0,3.62386e-11,0.00857189,7,0
-157.419,1.47726e-10,1.30332,5.61553e-38,0,4.11731e-11,0.00857304,7,0
-156.95,1.68275e-10,1.30734,9.63182e-38,0,4.6761e-11,0.00857405,7,0
-156.481,1.91608e-10,1.31137,1.64921e-37,0,5.3087e-11,0.00857507,7,0
-156.012,2.18092e-10,1.31539,2.81903e-37,0,6.02447e-11,0.0085757,7,0
-155.543,2.48142e-10,1.31941,4.81032e-37,0,6.83401e-11,0.00857659,7,0
-155.073,2.82224e-10,1.32344,8.19412e-37,0,7.74935e-11,0.0085771,7,0
-154.604,3.20863e-10,1.32746,1.39343e-36,0,8.78404e-11,0.00857735,7,0
-154.135,3.64655e-10,1.33149,2.36548e-36,0,9.95273e-11,0.00857761,7,0
-153.666,4.14261e-10,1.33551,4.00872e-36,0,1.12722e-10,0.00857748,7,0
-153.196,4.70435e-10,1.33954,6.7818e-36,0,1.27618e-10,0.00857748,7,0
-152.727,5.3402e-10,1.34356,1.14535e-35,0,1.44427e-10,0.00857723,7,0
-152.258,6.05967e-10,1.34758,1.93101e-35,0,1.63386e-10,0.00857685,7,0
-151.789,6.87344e-10,1.35161,3.25001e-35,0,1.8476e-10,0.00857634,7,0
-151.32,7.79349e-10,1.35563,5.46059e-35,0,2.08846e-10,0.00857532,7,0
-150.85,8.83329e-10,1.35966,9.15895e-35,0,2.35981e-10,0.00857443,7,0
-150.381,1.0008e-09,1.36368,1.53357e-34,0,2.66537e-10,0.00857342,7,0
-149.912,1.13345e-09,1.3677,2.56338e-34,0,3.00935e-10,0.00857227,7,0
-149.443,1.2832e-09,1.37172,4.2774e-34,0,3.39634e-10,0.00857088,7,0
-148.974,1.45217e-09,1.37574,7.12519e-34,0,3.83153e-10,0.0085691,7,0
-148.504,1.64276e-09,1.37976,1.18486e-33,0,4.32083e-10,0.00856757,7,0
-148.035,1.85764e-09,1.38378,1.96694e-33,0,4.87066e-10,0.00856579,7,0
-147.566,2.09983e-09,1.3878,3.25963e-33,0,5.48834e-10,0.00856363,7,0
-147.097,2.37268e-09,1.39182,5.39258e-33,0,6.18191e-10,0.00856148,7,0
-146.628,2.67995e-09,1.39584,8.90593e-33,0,6.96039e-10,0.00855919,7,0
-146.158,3.02585e-09,1.39985,1.46831e-32,0,7.8338e-10,0.00855652,7,0
-145.689,3.41509e-09,1.40387,2.4166e-32,0,8.81335e-10,0.00855373,7,0
-145.22,3.85291e-09,1.40788,3.97052e-32,0,9.91163e-10,0.00855106,7,0
-144.751,4.34521e-09,1.41189,6.51241e-32,0,1.11421e-09,0.00854814,7,0
-144.282,4.8985e-09,1.4159,1.06633e-31,0,1.25203e-09,0.00854496,7,0
-143.812,5.52014e-09,1.41991,1.74297e-31,0,1.40637e-09,0.0085414,7,0
-143.343,6.21827e-09,1.42392,2.8441e-31,0,1.57909e-09,0.00853797,7,0
-142.874,7.00198e-09,1.42792,4.63287e-31,0,1.77234e-09,0.00853455,7,0
-142.405,7.88147e-09,1.43193,7.53379e-31,0,1.98845e-09,0.00853061,7,0
-141.935,8.86798e-09,1.43593,1.22299e-30,0,2.23002e-09,0.00852654,7,0
-141.466,9.97415e-09,1.43993,1.98194e-30,0,2.49998e-09,0.00852235,7,0
-140.997,1.1214e-08,1.44393,3.20634e-30,0,2.8015e-09,0.00851803,7,0
-140.528,1.26031e-08,1.44792,5.17823e-30,0,3.13817e-09,0.00851333,7,0
-140.059,1.41589e-08,1.45191,8.34847e-30,0,3.51388e-09,0.00850876,7,0
-139.589,1.59006e-08,1.45591,1.34365e-29,0,3.93299e-09,0.00850418,7,0
-139.12,1.78497e-08,1.45989,2.15881e-29,0,4.40041e-09,0.00849923,7,0
-138.651,2.003e-08,1.46388,3.46264e-29,0,4.92135e-09,0.00849402,7,0
-138.182,2.2468e-08,1.46787,5.54428e-29,0,5.5018e-09,0.00848843,7,0
-137.713,2.5193e-08,1.47185,8.86206e-29,0,6.14831e-09,0.00848284,7,0
-137.243,2.82376e-08,1.47583,1.4141e-28,0,6.86808e-09,0.00847738,7,0
-136.774,3.16381e-08,1.4798,2.25255e-28,0,7.669e-09,0.00847154,7,0
-136.305,3.54344e-08,1.48378,3.58199e-28,0,8.56002e-09,0.00846544,7,0
-135.836,3.9671e-08,1.48775,5.68627e-28,0,9.55084e-09,0.00845909,7,0
-135.367,4.4397e-08,1.49171,9.0112e-28,0,1.06522e-08,0.00845274,7,0
-134.897,4.96672e-08,1.49568,1.42558e-27,0,1.18756e-08,0.00844638,7,0
-134.428,5.55412e-08,1.49964,2.2514e-27,0,1.32341e-08,0.00843965,7,0
-133.959,6.20863e-08,1.5036,3.5495e-27,0,1.47426e-08,0.00843279,7,0
-133.49,6.93759e-08,1.50755,5.58642e-27,0,1.64164e-08,0.00842568,7,0
-133.021,7.74916e-08,1.51151,8.77718e-27,0,1.82728e-08,0.00841831,7,0
-132.551,8.65235e-08,1.51545,1.37666e-26,0,2.03312e-08,0.0084112,7,0
-132.082,9.65708e-08,1.5194,2.15553e-26,0,2.26128e-08,0.00840357,7,0
-131.613,1.07744e-07,1.52334,3.36926e-26,0,2.51407e-08,0.00839583,7,0
-131.144,1.20163e-07,1.52728,5.25744e-26,0,2.79392e-08,0.00838808,7,0
-130.674,1.33962e-07,1.53121,8.18954e-26,0,3.10369e-08,0.00837995,7,0
-130.205,1.49289e-07,1.53514,1.2735e-25,0,3.44648e-08,0.00837169,7,0
-129.736,1.66305e-07,1.53907,1.97692e-25,0,3.82557e-08,0.00836292,7,0
-129.267,1.85189e-07,1.54299,3.06362e-25,0,4.24476e-08,0.00835441,7,0
-128.798,2.06138e-07,1.54691,4.73949e-25,0,4.70798e-08,0.00834577,7,0
-128.328,2.29369e-07,1.55082,7.31953e-25,0,5.21959e-08,0.00833676,7,0
-127.859,2.5512e-07,1.55473,1.12845e-24,0,5.78458e-08,0.00832774,7,0
-127.39,2.83652e-07,1.55864,1.73677e-24,0,6.40817e-08,0.00831834,7,0
-126.921,3.15255e-07,1.56254,2.6684e-24,0,7.0962e-08,0.00830881,7,0
-126.452,3.50244e-07,1.56643,4.09274e-24,0,7.85493e-08,0.00829928,7,0
-125.982,3.88967e-07,1.57032,6.26656e-24,0,8.69126e-08,0.00828937,7,0
-125.513,4.31804e-07,1.57421,9.57854e-24,0,9.61284e-08,0.00827934,7,0
-125.044,4.79175e-07,1.57809,1.46157e-23,0,1.0628e-07,0.0082693,7,0
-124.575,5.31539e-07,1.58197,2.22636e-23,0,1.17457e-07,0.00825876,7,0
-124.106,5.89399e-07,1.58584,3.3855e-23,0,1.29757e-07,0.00824821,7,0
-123.636,6.53306e-07,1.58971,5.1393e-23,0,1.43287e-07,0.0082378,7,0
-123.167,7.23862e-07,1.59357,7.78822e-23,0,1.58166e-07,0.00822674,7,0
-122.698,8.01731e-07,1.59743,1.17822e-22,0,1.7452e-07,0.00821569,7,0
-122.229,8.87635e-07,1.60128,1.77937e-22,0,1.92491e-07,0.00820451,7,0
-121.76,9.82368e-07,1.60513,2.68262e-22,0,2.12226e-07,0.00819295,7,0
-121.29,1.08679e-06,1.60897,4.03744e-22,0,2.33887e-07,0.0081814,7,0
-120.821,1.20185e-06,1.61281,6.06603e-22,0,2.5766e-07,0.00816971,7,0
-120.352,1.32858e-06,1.61664,9.09824e-22,0,2.83736e-07,0.00815789,7,0
-119.883,1.46811e-06,1.62046,1.36227e-21,0,3.12328e-07,0.0081457,7,0
-119.413,1.62168e-06,1.62428,2.0362e-21,0,3.43662e-07,0.00813312,7,0
-118.944,1.79061e-06,1.6281,3.03831e-21,0,3.77985e-07,0.0081208,7,0
-118.475,1.97638e-06,1.6319,4.52581e-21,0,4.15574e-07,0.00810835,7,0
-118.006,2.18059e-06,1.63571,6.72998e-21,0,4.56718e-07,0.00809539,7,0
-117.537,2.40498e-06,1.6395,9.99045e-21,0,5.01738e-07,0.00808244,7,0
-117.067,2.65143e-06,1.64329,1.4805e-20,0,5.50973e-07,0.0080691,7,0
-116.598,2.92202e-06,1.64707,2.1902e-20,0,6.04791e-07,0.00805576,7,0
-116.129,3.21898e-06,1.65085,3.23455e-20,0,6.63603e-07,0.00804229,7,0
-115.66,3.54475e-06,1.65462,4.76867e-20,0,7.27847e-07,0.00802845,7,0
-115.191,3.902e-06,1.65838,7.01831e-20,0,7.98e-07,0.00801473,7,0
-114.721,4.29361e-06,1.66214,1.03115e-19,0,8.74553e-07,0.00800075,7,0
-114.252,4.7227e-06,1.66589,1.51238e-19,0,9.58058e-07,0.0079864,7,0
-113.783,5.19267e-06,1.66964,2.21441e-19,0,1.04912e-06,0.00797192,7,0
-113.314,5.70721e-06,1.67337,3.23672e-19,0,1.14838e-06,0.00795731,7,0
-112.845,6.27033e-06,1.6771,4.72287e-19,0,1.25656e-06,0.0079427,7,0
-112.375,6.88638e-06,1.68083,6.87963e-19,0,1.37435e-06,0.00792784,7,0
-111.906,7.56004e-06,1.68454,1.0004e-18,0,1.50256e-06,0.00791259,7,0
-111.437,8.2964e-06,1.68825,1.45222e-18,0,1.64207e-06,0.00789697,7,0
-110.968,9.10099e-06,1.69195,2.10448e-18,0,1.79383e-06,0.0078816,7,0
-110.499,9.97976e-06,1.69565,3.04446e-18,0,1.95883e-06,0.00786623,7,0
-110.029,1.09392e-05,1.69934,4.39671e-18,0,2.13816e-06,0.00785022,7,0
-109.56,1.19863e-05,1.70302,6.33871e-18,0,2.33295e-06,0.00783409,7,0
-109.091,1.31285e-05,1.70669,9.12276e-18,0,2.54446e-06,0.00781795,7,0
-108.622,1.4374e-05,1.71035,1.3107e-17,0,2.77404e-06,0.00780157,7,0
-108.152,1.57317e-05,1.71401,1.8799e-17,0,3.0231e-06,0.00778493,7,0
-107.683,1.72109e-05,1.71766,2.69165e-17,0,3.29325e-06,0.00776841,7,0
-107.214,1.88221e-05,1.7213,3.84729e-17,0,3.58604e-06,0.00775139,7,0
-106.745,2.05761e-05,1.72493,5.48965e-17,0,3.90327e-06,0.00773411,7,0
-106.276,2.2485e-05,1.72856,7.81968e-17,0,4.24692e-06,0.00771709,7,0
-105.806,2.45615e-05,1.73217,1.11195e-16,0,4.6189e-06,0.00769981,7,0
-105.337,2.68195e-05,1.73578,1.57846e-16,0,5.02151e-06,0.0076819,7,0
-104.868,2.92738e-05,1.73938,2.23684e-16,0,5.45696e-06,0.00766412,7,0
-104.399,3.19404e-05,1.74297,3.1644e-16,0,5.92772e-06,0.00764633,7,0
-103.93,3.48365e-05,1.74656,4.46889e-16,0,6.43656e-06,0.00762804,7,0
-103.46,3.79805e-05,1.75013,6.30029e-16,0,6.98626e-06,0.00760975,7,0
-102.991,4.13925e-05,1.7537,8.86695e-16,0,7.57989e-06,0.00759133,7,0
-102.522,4.50936e-05,1.75726,1.24578e-15,0,8.22058e-06,0.00757266,7,0
-102.053,4.91068e-05,1.7608,1.74728e-15,0,8.91172e-06,0.00755385,7,0
-101.584,5.34565e-05,1.76434,2.44645e-15,0,9.65716e-06,0.00753467,7,0
-101.114,5.81692e-05,1.76788,3.41949e-15,0,1.04607e-05,0.00751536,7,0
-100.645,6.3273e-05,1.7714,4.77135e-15,0,1.13266e-05,0.00749631,7,0
-100.176,6.87983e-05,1.77491,6.64621e-15,0,1.22591e-05,0.00747675,7,0
-99.7067,7.47772e-05,1.77841,9.24187e-15,0,1.32629e-05,0.0074568,7,0
-99.2375,8.12444e-05,1.78191,1.28292e-14,0,1.43432e-05,0.00743698,7,0
-98.7683,8.82371e-05,1.78539,1.77783e-14,0,1.55051e-05,0.00741691,7,0
-98.2991,9.57947e-05,1.78887,2.45943e-14,0,1.67546e-05,0.00739659,7,0
-97.8299,0.00010396,1.79233,3.3965e-14,0,1.80976e-05,0.00737639,7,0
-97.3607,0.000112778,1.79579,4.6826e-14,0,1.95397e-05,0.00735581,7,0
-96.8915,0.000122296,1.79924,6.44452e-14,0,2.10881e-05,0.00733485,7,0
-96.4223,0.000132567,1.80267,8.85415e-14,0,2.27502e-05,0.00731402,7,0
-95.9531,0.000143645,1.8061,1.21439e-13,0,2.45335e-05,0.0072928,7,0
-95.4839,0.00015559,1.80952,1.66272e-13,0,2.64456e-05,0.00727146,7,0
-95.0147,0.000168462,1.81292,2.27266e-13,0,2.84948e-05,0.00725025,7,0
-94.5454,0.00018233,1.81632,3.10102e-13,0,3.06907e-05,0.00722852,7,0
-94.0762,0.000197263,1.81971,4.22401e-13,0,3.30422e-05,0.00720655,7,0
-93.607,0.000213337,1.82308,5.74382e-13,0,3.55597e-05,0.0071847,7,0
-93.1378,0.000230633,1.82645,7.79702e-13,0,3.8253e-05,0.00716259,7,0
-92.6686,0.000249234,1.8298,1.0566e-12,0,4.11332e-05,0.00714024,7,0
-92.1994,0.000269233,1.83315,1.42937e-12,0,4.42124e-05,0.00711763,7,0
-91.7302,0.000290724,1.83648,1.93032e-12,0,4.75029e-05,0.00709501,7,0
-91.261,0.00031381,1.83981,2.60238e-12,0,5.10178e-05,0.0070724,7,0
-90.7918,0.0003386,1.84312,3.50238e-12,0,5.47694e-05,0.00704928,7,0
-90.3226,0.000365207,1.84642,4.70553e-12,0,5.87727e-05,0.00702603,7,0
-89.8534,0.000393753,1.84971,6.31114e-12,0,6.30433e-05,0.00700266,7,0
-89.3842,0.000424368,1.85299,8.45007e-12,0,6.75963e-05,0.00697916,7,0
-88.915,0.000457187,1.85626,1.12944e-11,0,7.24492e-05,0.00695566,7,0
-88.4457,0.000492355,1.85952,1.50703e-11,0,7.76175e-05,0.00693178,7,0
-87.9765,0.000530024,1.86277,2.0074e-11,0,8.31196e-05,0.00690764,7,0
-87.5073,0.000570356,1.866,2.6693e-11,0,8.89762e-05,0.0068835,7,0
-87.0381,0.000613521,1.86923,3.54336e-11,0,9.52063e-05,0.00685911,7,0
-86.5689,0.000659699,1.87244,4.69555e-11,0,0.000101831,0.0068346,7,0
-86.0997,0.000709081,1.87564,6.21168e-11,0,0.000108871,0.00680995,7,0
-85.6305,0.000761866,1.87883,8.20324e-11,0,0.000116349,0.00678505,7,0
-85.1613,0.000818265,1.88201,1.08147e-10,0,0.00012429,0.00676016,7,0
-84.6921,0.000878502,1.88517,1.4233e-10,0,0.000132719,0.00673488,7,0
-84.2229,0.00094281,1.88833,1.86996e-10,0,0.000141661,0.0067096,7,0
-83.7537,0.00101144,1.89147,2.45256e-10,0,0.000151141,0.00668419,7,0
-83.2845,0.00108464,1.8946,3.21116e-10,0,0.000161188,0.00665828,7,0
-82.8153,0.0011627,1.89772,4.19717e-10,0,0.000171837,0.00663249,7,0
-82.346,0.0012459,1.90083,5.47656e-10,0,0.000183109,0.0066067,7,0
-81.8768,0.00133453,1.90392,7.13359e-10,0,0.000195037,0.00658053,7,0
-81.4076,0.00142892,1.907,9.27603e-10,0,0.00020766,0.00655411,7,0
-80.9384,0.0015294,1.91007,1.20412e-09,0,0.000221007,0.00652756,7,0
-80.4692,0.00163632,1.91313,1.56037e-09,0,0.000235111,0.00650088,7,0
-80,0.00175004,1.91617,2.01855e-09,0,0.000250013,0.00647408,7,0
-79.5308,0.00187094,1.9192,2.60679e-09,0,0.000265749,0.00644715,7,0
-79.0616,0.00199942,1.92222,3.36066e-09,0,0.00028236,0.00641996,7,0
-78.5924,0.00213591,1.92523,4.3251e-09,0,0.000299881,0.00639278,7,0
-78.1232,0.00228083,1.92822,5.55675e-09,0,0.000318353,0.00636547,7,0
-77.654,0.00243466,1.9312,7.12686e-09,0,0.000337826,0.00633777,7,0
-77.1847,0.00259785,1.93417,9.12493e-09,0,0.000358339,0.00630983,7,0
-76.7155,0.00277093,1.93712,1.16631e-08,0,0.00037994,0.00628188,7,0
-76.2463,0.0029544,1.94006,1.48816e-08,0,0.00040267,0.00625393,7,0
-75.7771,0.0031488,1.94299,1.89557e-08,0,0.000426579,0.0062256,7,0
-75.3079,0.0033547,1.9459,2.41036e-08,0,0.000451719,0.0061974,7,0
-74.8387,0.0035727,1.94881,3.05969e-08,0,0.000478139,0.00616882,7,0
-74.3695,0.0038034,1.95169,3.87728e-08,0,0.000505897,0.00613998,7,0
-73.9003,0.00404744,1.95457,4.90489e-08,0,0.000535036,0.00611115,7,0
-73.4311,0.00430549,1.95743,6.19418e-08,0,0.00056561,0.00608231,7,0
-72.9619,0.00457822,1.96028,7.80894e-08,0,0.000597681,0.00605309,7,0
-72.4927,0.00486636,1.96311,9.82773e-08,0,0.000631301,0.00602362,7,0
-72.0235,0.00517064,1.96593,1.23472e-07,0,0.000666537,0.00599428,7,0
-71.5543,0.00549185,1.96873,1.54858e-07,0,0.000703436,0.00596468,7,0
-71.085,0.00583076,1.97153,1.93889e-07,0,0.000742057,0.00593483,7,0
-70.6158,0.00618821,1.9743,2.42341e-07,0,0.000782467,0.00590497,7,0
-70.1466,0.00656504,1.97707,3.0238e-07,0,0.000824731,0.00587487,7,0
-69.6774,0.00696215,1.97982,3.76646e-07,0,0.00086891,0.00584451,7,0
-69.2082,0.00738044,1.98255,4.68344e-07,0,0.000915055,0.0058144,7,0
-68.739,0.00782085,1.98527,5.81367e-07,0,0.000963236,0.00578379,7,0
-68.2698,0.00828436,1.98798,7.20424e-07,0,0.00101353,0.00575317,7,0
-67.8006,0.00877196,1.99067,8.91209e-07,0,0.00106599,0.00572256,7,0
-67.3314,0.0092847,1.99335,1.10059e-06,0,0.00112069,0.00569143,7,0
-66.8622,0.00982363,1.99601,1.35682e-06,0,0.00117767,0.00566018,7,0
-66.393,0.0103898,1.99866,1.66983e-06,0,0.00123702,0.00562893,7,0
-65.9238,0.0109845,2.00129,2.05152e-06,0,0.0012988,0.00559781,7,0
-65.4545,0.0116087,2.00391,2.51613e-06,0,0.00136308,0.00556631,7,0
-64.9853,0.0122636,2.00652,3.08065e-06,0,0.00142993,0.00553429,7,0
-64.5161,0.0129505,2.00911,3.76534e-06,0,0.0014994,0.00550254,7,0
-64.0469,0.0136707,2.01168,4.59431e-06,0,0.00157156,0.00547078,7,0
-63.5777,0.0144253,2.01424,5.59615e-06,0,0.00164646,0.00543877,7,0
-63.1085,0.0152157,2.01679,6.80473e-06,0,0.00172421,0.00540624,7,0
-62.6393,0.0160433,2.01931,8.2601e-06,0,0.00180483,0.00537398,7,0
-62.1701,0.0169094,2.02183,1.00095e-05,0,0.00188839,0.00534171,7,0
-61.7009,0.0178154,2.02433,1.21086e-05,0,0.00197495,0.00530868,7,0
-61.2317,0.0187627,2.02681,1.46227e-05,0,0.00206457,0.00527591,7,0
-60.7625,0.0197528,2.02928,1.76284e-05,0,0.00215732,0.00524314,7,0
-60.2933,0.0207872,2.03173,2.12155e-05,0,0.00225324,0.00521011,7,0
-59.824,0.0218673,2.03417,2.54886e-05,0,0.00235238,0.00517708,7,0
-59.3548,0.0229947,2.03659,3.05698e-05,0,0.0024548,0.00514354,7,0
-58.8856,0.024171,2.03899,3.66008e-05,0,0.00256053,0.00511001,7,0
-58.4164,0.0253976,2.04138,4.37464e-05,0,0.00266965,0.00507647,7,0
-57.9472,0.0266762,2.04376,5.21973e-05,0,0.00278216,0.00504293,7,0
-57.478,0.0280084,2.04612,6.21735e-05,0,0.00289814,0.00500914,7,0
-57.0088,0.0293959,2.04846,7.39293e-05,0,0.00301759,0.00497484,7,0
-56.5396,0.0308402,2.05078,8.77567e-05,0,0.00314054,0.0049408,7,0
-56.0704,0.032343,2.0531,0.000103991,0,0.00326706,0.0049065,7,0
-55.6012,0.033906,2.05539,0.000123018,0,0.00339712,0.0048722,7,0
-55.132,0.0355309,2.05767,0.000145275,0,0.00353078,0.00483765,7,0
-54.6628,0.0372194,2.05993,0.000171264,0,0.00366803,0.0048031,7,0
-54.1936,0.038973,2.06217,0.000201556,0,0.00380885,0.00476854,7,0
-53.7243,0.0407936,2.0644,0.000236798,0,0.00395331,0.00473348,7,0
-53.2551,0.0426829,2.06662,0.000277723,0,0.00410136,0.00469842,7,0
-52.7859,0.0446424,2.06881,0.000325163,0,0.00425306,0.00466336,7,0
-52.3167,0.046674,2.07099,0.000380053,0,0.0044083,0.0046283,7,0
-51.8475,0.0487793,2.07316,0.000443443,0,0.00456698,0.00459298,7,0
-51.3783,0.0509598,2.0753,0.000516518,0,0.00472924,0.00455741,7,0
-50.9091,0.0532173,2.07743,0.000600884,3.08516e-07,0.00489498,0.00452159,7,2.84296e-07
-50.4399,0.0555533,2.07955,0.000883068,0.000201735,0.00506412,0.00448577,7.00081,0.000185898
-49.9707,0.0579695,2.08164,0.00153624,0.000790418,0.00523668,0.0044502,7.00316,0.000728368
-49.5015,0.0604675,2.08372,0.00258225,0.00178806,0.00541249,0.00441438,7.00715,0.0016477
-49.0323,0.0630487,2.08578,0.00404315,0.00321641,0.00559153,0.00437804,7.01287,0.00296391
-48.563,0.0657147,2.08783,0.00594117,0.00509714,0.00577368,0.00434197,7.02039,0.004697
-48.0938,0.0684668,2.08986,0.00829859,0.00745172,0.00595881,0.00430564,7.02981,0.00686674
-47.6246,0.0713065,2.09187,0.0111378,0.0103015,0.00614691,0.00426905,7.04121,0.00949277
-47.1554,0.0742351,2.09387,0.014481,0.0136673,0.00633774,0.00423272,7.05467,0.0125943
-46.6862,0.0772539,2.09584,0.0183504,0.0175695,0.00653116,0.00419613,7.07028,0.0161903
-46.217,0.0803641,2.0978,0.0227678,0.0220282,0.00672701,0.0041593,7.08811,0.0202989
-45.7478,0.0835667,2.09975,0.027755,0.0270625,0.0069251,0.00412246,7.10825,0.024938
-45.2786,0.0868627,2.10167,0.033333,0.0326907,0.00712529,0.00408562,7.13076,0.0301244
-44.8094,0.0902532,2.10358,0.0395227,0.0389304,0.00732725,0.00404852,7.15572,0.0358742
-44.3402,0.0937387,2.10547,0.0463442,0.045798,0.00753073,0.00401118,7.18319,0.0422027
-43.871,0.0973201,2.10734,0.0538168,0.0533087,0.00773546,0.00397383,7.21323,0.0491238
-43.4018,0.100998,2.1092,0.0619593,0.0614765,0.00794108,0.00393648,7.24591,0.0566504
-42.9326,0.104772,2.11104,0.0707892,0.0703139,0.00814733,0.00389913,7.28126,0.0647941
-42.4633,0.108643,2.11286,0.0803234,0.0798319,0.00835375,0.00386153,7.31933,0.0735648
-41.9941,0.112611,2.11466,0.0905774,0.0900397,0.00855989,0.00382368,7.36016,0.0829713
-41.5249,0.116676,2.11645,0.101566,0.100945,0.00876527,0.00378582,7.40378,0.0930202
-41.0557,0.120837,2.11821,0.1133,0.112552,0.00896933,0.00374796,7.45021,0.103717
-40.5865,0.125093,2.11996,0.125794,0.124866,0.00917164,0.00371011,7.49946,0.115064
-40.1173,0.129444,2.1217,0.139056,0.137887,0.00937143,0.00367174,7.55155,0.127063
-39.6481,0.133887,2.12341,0.153094,0.151615,0.00956805,0.00363363,7.60646,0.139712
-39.1789,0.138423,2.12511,0.167914,0.166044,0.00976076,0.00359552,7.66418,0.153009
-38.7097,0.143047,2.12678,0.183522,0.181171,0.00994868,0.00355691,7.72468,0.166948
-38.2405,0.147759,2.12844,0.199918,0.196985,0.0101311,0.00351854,7.78794,0.181521
-37.7713,0.152554,2.13009,0.217103,0.213476,0.010307,0.00347993,7.8539,0.196717
-37.302,0.157431,2.13171,0.235074,0.230629,0.0104752,0.00344131,7.92251,0.212524
-36.8328,0.162384,2.13332,0.253827,0.248426,0.0106348,0.00340244,7.99371,0.228924
-36.3636,0.167411,2.1349,0.273354,0.266849,0.0107847,0.00336356,8.0674,0.245901
-35.8944,0.172505,2.13647,0.293645,0.285874,0.0109236,0.00332495,8.14349,0.263432
-35.4252,0.177662,2.13802,0.314686,0.305474,0.0110502,0.00328557,8.2219,0.281494
-34.956,0.182875,2.13956,0.336463,0.325622,0.0111634,0.00324644,8.30249,0.30006
-34.4868,0.188137,2.14107,0.358957,0.346285,0.0112618,0.00320731,8.38514,0.3191
-34.0176,0.193443,2.14257,0.382145,0.367427,0.011344,0.00316793,8.46971,0.338583
-33.5484,0.198783,2.14404,0.406004,0.389012,0.0114086,0.00312855,8.55605,0.358473
-33.0792,0.204149,2.1455,0.430504,0.410998,0.0114543,0.00308917,8.64399,0.378733
-32.61,0.209532,2.14694,0.455615,0.433341,0.0114796,0.00304954,8.73336,0.399322
-32.1408,0.214922,2.14836,0.481303,0.455995,0.0114836,0.00300991,8.82398,0.420198
-31.6716,0.220308,2.14977,0.507529,0.478911,0.0114646,0.00297027,8.91564,0.441315
-31.2023,0.22568,2.15115,0.534253,0.502037,0.0114217,0.00293038,9.00815,0.462625
-30.7331,0.231026,2.15252,0.56143,0.525319,0.0113539,0.0028905,9.10128,0.48408
-30.2639,0.236335,2.15386,0.589013,0.548701,0.0112603,0.00285061,9.19481,0.505627
-29.7947,0.241593,2.15519,0.616951,0.572126,0.0111402,0.00281072,9.2885,0.527212
-29.3255,0.246789,2.1565,0.64519,0.595531,0.0109931,0.00277032,9.38213,0.54878
-28.8563,0.251909,2.15779,0.673673,0.618858,0.0108191,0.00273018,9.47543,0.570275
-28.3871,0.256942,2.15906,0.702341,0.642041,0.0106179,0.00269029,9.56816,0.591639
-27.9179,0.261873,2.16032,0.73113,0.665017,0.0103901,0.00264964,9.66007,0.612811
-27.4487,0.266692,2.16155,0.759977,0.687722,0.0101363,0.00260925,9.75089,0.633734
-26.9795,0.271385,2.16276,0.788811,0.71009,0.00985775,0.00256885,9.84036,0.654346
-26.5103,0.275943,2.16396,0.817564,0.732055,0.00955589,0.0025282,9.92822,0.674586
-26.0411,0.280353,2.16514,0.846164,0.753552,0.00923256,0.0024878,10.0142,0.694396
-25.5719,0.284607,2.16629,0.874536,0.774516,0.00889011,0.0024469,10.0981,0.713714
-25.1026,0.288695,2.16743,0.902604,0.794883,0.00853131,0.00240625,10.1795,0.732482
-24.6334,0.292612,2.16855,0.930292,0.814588,0.0081592,0.0023656,10.2584,0.750641
-24.1642,0.296352,2.16965,0.957522,0.833572,0.0077774,0.00232469,10.3343,0.768134
-23.695,0.299911,2.17073,0.984216,0.851773,0.00738998,0.00228379,10.4071,0.784906
-23.2258,0.303287,2.1718,1,0.869134,0.0070011,0.00224263,10.4765,0.800904
-22.7566,0.306481,2.17284,1,0.8856,0.00661547,0.00220173,10.5424,0.816077
-22.2874,0.309495,2.17386,1,0.901118,0.0062378,0.00216057,10.6045,0.830378
-21.8182,0.312335,2.17487,1,0.91564,0.00587325,0.00211941,10.6626,0.843759
-21.349,0.315007,2.17585,1,0.929119,0.00552718,0.00207825,10.7165,0.85618
-20.8798,0.317521,2.17682,1,0.941513,0.00520487,0.00203658,10.7661,0.867601
-20.4106,0.319891,2.17776,1,0.952786,0.00491158,0.00199542,10.8111,0.877989
-19.9413,0.32213,2.17869,1,0.962903,0.00465247,0.00195427,10.8516,0.887312
-19.4721,0.324257,2.1796,1,0.971838,0.00443257,0.00191285,10.8874,0.895545
-19.0029,0.32629,2.18048,1,0.979566,0.00425654,0.00187119,10.9183,0.902666
-18.5337,0.328251,2.18135,1,0.986068,0.00412871,0.00182952,10.9443,0.908659
-18.0645,0.330164,2.1822,1,0.991333,0.00405294,0.00178811,10.9653,0.913511
-17.5953,0.332055,2.18303,1,0.995354,0.00403248,0.00174644,10.9814,0.917215
-17.1261,0.333949,2.18384,1,0.998128,0.00406993,0.00170477,10.9925,0.919771
-16.6569,0.335874,2.18463,1,0.99966,0.00416704,0.00166285,10.9986,0.921183
-16.1877,0.337859,2.1854,1,1,0.00432504,0.00162119,11,0.921497
-15.7185,0.339933,2.18615,1,1,0.0045442,0.00157927,11,0.921497
-15.2493,0.342123,2.18688,1,1,0.00482361,0.00153735,11,0.921497
-14.7801,0.344459,2.18759,1,1,0.00516177,0.00149568,11,0.921497
-14.3109,0.346967,2.18829,1,1,0.00555627,0.0014535,11,0.921497
-13.8416,0.349673,2.18896,1,1,0.00600349,0.00141158,11,0.921497
-13.3724,0.352601,2.18961,1,1,0.00649914,0.00136966,11,0.921497
-12.9032,0.355772,2.19024,1,1,0.0070381,0.00132749,11,0.921497
-12.434,0.359206,2.19086,1,1,0.00761419,0.00128531,11,0.921497
-11.9648,0.362917,2.19145,1,1,0.00822084,0.00124339,11,0.921497
-11.4956,0.36692,2.19202,1,1,0.00885089,0.00120122,11,0.921497
-11.0264,0.371223,2.19258,1,1,0.00949631,0.00115879,11,0.921497
-10.5572,0.375832,2.19311,1,1,0.0101488,0.00111661,11,0.921497
-10.088,0.380747,2.19362,1,1,0.0108001,0.00107444,11,0.921497
-9.61877,0.385967,2.19412,1,1,0.0114414,0.00103227,11,0.921497
-9.14957,0.391484,2.19459,1,1,0.0120641,0.000989582,11,0.921497
-8.68036,0.397288,2.19505,1,1,0.0126597,0.000947154,11,0.921497
-8.21115,0.403364,2.19548,1,1,0.0132199,0.000905233,11,0.921497
-7.74194,0.409694,2.1959,1,1,0.0137372,0.000862804,11,0.921497
-7.27272,0.416255,2.19629,1,1,0.0142036,0.000820121,11,0.921497
-6.80351,0.423023,2.19667,1,1,0.0146125,0.000777438,11,0.921497
-6.3343,0.429968,2.19702,1,1,0.0149583,0.000735264,11,0.921497
-5.8651,0.43706,2.19736,1,1,0.0152356,0.000692835,11,0.921497
-5.39589,0.444265,2.19767,1,1,0.0154401,0.000650152,11,0.921497
-4.92668,0.451549,2.19797,1,1,0.0155683,0.000607723,11,0.921497
-4.45747,0.458875,2.19824,1,1,0.0156177,0.000565294,11,0.921497
-3.98827,0.466205,2.1985,1,1,0.0155868,0.000522611,11,0.921497
-3.51906,0.473502,2.19873,1,1,0.0154752,0.000479928,11,0.921497
-3.04985,0.480727,2.19895,1,1,0.0152831,0.0004375,11,0.921497
-2.58064,0.487843,2.19914,1,1,0.0150118,0.000394817,11,0.921497
-2.11143,0.494814,2.19932,1,1,0.0146636,0.000352388,11,0.921497
-1.64223,0.501604,2.19947,1,1,0.0142413,0.000309705,10.842,0.921497
-1.17302,0.508179,2.19961,1,1,0.0137485,0.000266768,10.2261,0.921497
-0.703812,0.514506,2.19972,1,1,0.0131897,0.000224339,9.27124,0.921497
-0.234604,0.520556,2.19982,1,1,0.0125695,0.00018191,8.11301,0.921497
0.234604,0.526301,2.19989,1,1,0.0118932,0.000138973,6.88699,0.921497
0.703812,0.531717,2.19995,1,1,0.0111665,9.62906e-05,5.72876,0.921497
1.17302,0.53678,2.19998,1,1,0.0103952,5.38617e-05,4.7739,0.921497
1.64223,0.541472,2.2,1,1,0.00958523,-0.000308943,4.15798,0.921497
2.11143,0.545775,2.19969,1,1,0.00874288,-0.00180183,4,0.921497
2.58064,0.549676,2.19831,1,1,0.0078741,-0.00414227,4,0.921497
3.04985,0.553164,2.19581,1,1,0.00698481,-0.00651651,4,0.921497
3.51906,0.556231,2.19219,1,1,0.00608091,-0.00888084,4,0.921497
3.98827,0.558871,2.18747,1,1,0.00516787,-0.0112314,4,0.921497
4.45747,0.561081,2.18165,1,1,0.00425088,-0.0135648,4,0.921497
4.92668,0.56286,2.17474,1,1,0.00333492,-0.0158778,4,0.921497
5.39589,0.56421,2.16675,1,1,0.0024246,-0.0181669,4,0.921497
5.8651,0.565135,2.1577,1,1,0.00152394,-0.0204286,4,0.921497
6.3343,0.56564,2.14758,1,1,0.00063675,-0.0226595,4,0.921497
6.80351,0.565733,2.13643,1,1,-0.000233613,-0.0248562,4,0.921497
7.27272,0.565421,2.12426,1,1,-0.00108435,-0.0270157,4,0.921497
7.74193,0.564715,2.11108,1,1,-0.00191298,-0.0291351,4,0.921497
8.21114,0.563626,2.09692,1,1,-0.00271748,-0.0312116,4,0.921497
8.68034,0.562165,2.08179,1,1,-0.00349606,-0.0332418,4,0.921497
9.14955,0.560345,2.06572,1,1,-0.00424752,-0.035223,4,0.921497
9.61876,0.558179,2.04874,1,1,-0.00497071,-0.0371529,4,0.921497
10.088,0.55568,2.03086,1,1,-0.00566501,-0.0390289,4,0.921497
10.5572,0.552863,2.01211,1,1,-0.00633028,-0.0408485,4,0.921497
11.0264,0.54974,1.99252,0.995234,1,-0.00696601,-0.0426097,4,0.921497
11.4956,0.546326,1.97213,0.989705,1,-0.00757246,-0.04431,4,0.921497
11.9648,0.542634,1.95094,0.984483,1,-0.00814983,-0.0459475,4,0.921497
12.434,0.538678,1.92901,0.97956,1,-0.00869823,-0.0475209,4,0.921497
12.9032,0.534471,1.90635,0.97493,1,-0.00921868,-0.0490283,4,0.921497
13.3724,0.530027,1.883,0.970585,1,-0.00971163,-0.0504678,4,0.921497
13.8416,0.525358,1.85899,0.966516,1,-0.0101776,-0.0518381,4,0.921497
14.3108,0.520476,1.83435,0.962713,1,-0.0106176,-0.0531384,4,0.921497
14.78,0.515394,1.80912,0.959166,1,-0.0110325,-0.0543696,4,0.921497
15.2493,0.510123,1.78333,0.955866,1,-0.0114225,-0.0555268,4,0.921497
15.7185,0.504675,1.75702,0.952801,1,-0.0117886,-0.0566092,4,0.921497
16.1877,0.49906,1.73021,0.94996,1,-0.0121322,-0.0576202,4,0.921497
16.6569,0.49329,1.70294,0.947332,1,-0.0124537,-0.0585572,4,0.921497
17.1261,0.487374,1.67526,0.944907,1,-0.0127538,-0.0594203,4,0.921497
17.5953,0.481322,1.64718,0.942673,1,-0.0130334,-0.0602095,4,0.921497
18.0645,0.475143,1.61876,0.940619,1,-0.0132931,-0.0609244,4,0.921497
18.5337,0.468847,1.59001,0.938735,1,-0.0135336,-0.061565,4,0.921497
19.0029,0.462443,1.56098,0.93701,1,-0.0137555,-0.0621323,4,0.921497
19.4722,0.455939,1.5317,0.935433,1,-0.0139596,-0.0626267,4,0.921497
19.9414,0.449343,1.50221,0.933967,0.999969,-0.0141462,-0.0630486,3.99988,0.921468
20.4106,0.442664,1.47254,0.931839,0.99908,-0.0143159,-0.0633987,3.99632,0.920649
20.8798,0.435909,1.44272,0.928691,0.996955,-0.0144692,-0.0636779,3.98782,0.91869
21.349,0.429086,1.41278,0.924507,0.993584,-0.0146067,-0.0638876,3.97434,0.915584
21.8182,0.422202,1.38276,0.919277,0.988967,-0.0147287,-0.0640285,3.95587,0.91133
22.2874,0.415264,1.3527,0.912997,0.983108,-0.0148356,-0.0641022,3.93243,0.905931
22.7566,0.40828,1.32261,0.905668,0.976017,-0.0149279,-0.0641098,3.90407,0.899396
23.2258,0.401255,1.29253,0.897298,0.967709,-0.0150058,-0.0640523,3.87083,0.89174
23.695,0.394198,1.2625,0.887898,0.958204,-0.0150699,-0.063932,3.83282,0.882982
24.1642,0.387114,1.23254,0.877487,0.94753,-0.0151204,-0.0637504,3.79012,0.873145
24.6334,0.380009,1.20268,0.866085,0.935715,-0.0151577,-0.0635091,3.74286,0.862258
25.1026,0.372889,1.17294,0.853722,0.922797,-0.015182,-0.0632099,3.69119,0.850354
25.5719,0.365762,1.14336,0.840427,0.908813,-0.0151938,-0.062855,3.63525,0.837468
26.0411,0.358631,1.11396,0.826236,0.893809,-0.0151933,-0.0624458,3.57523,0.823642
26.5103,0.351504,1.08476,0.811189,0.87783,-0.0151809,-0.0619846,3.51132,0.808918
26.9795,0.344385,1.05579,0.795329,0.860929,-0.0151569,-0.0614735,3.44372,0.793343
27.4487,0.33728,1.02707,0.7787,0.843159,-0.0151215,-0.0609145,3.37263,0.776968
27.9179,0.330195,0.998627,0.761352,0.824576,-0.0150752,-0.0603096,3.2983,0.759844
28.3871,0.323134,0.970477,0.743337,0.805239,-0.0150182,-0.0596613,3.22095,0.742025
28.8563,0.316102,0.94264,0.724706,0.785209,-0.014951,-0.0589717,3.14083,0.723567
29.3255,0.309103,0.915137,0.705515,0.764548,-0.0148736,-0.0582429,3.05819,0.704529
29.7947,0.302144,0.887984,0.685821,0.743321,-0.0147866,-0.0574771,2.97328,0.684968
30.2639,0.295227,0.861199,0.665681,0.721591,-0.0146903,-0.0566768,2.88637,0.664944
30.7331,0.288358,0.834798,0.645153,0.699425,-0.014585,-0.0558443,2.7977,0.644518
31.2023,0.281541,0.808794,0.624297,0.676888,-0.0144711,-0.0549813,2.70755,0.62375
31.6716,0.274778,0.783202,0.60317,0.654045,-0.0143488,-0.0540905,2.61618,0.6027
32.1408,0.268075,0.758035,0.581831,0.630961,-0.0142185,-0.053174,2.52384,0.581429
32.61,0.261436,0.733303,0.56034,0.607702,-0.0140806,-0.0522339,2.43081,0.559995
33.0792,0.254862,0.709018,0.538752,0.584329,-0.0139355,-0.0512726,2.33732,0.538458
33.5484,0.248358,0.685188,0.517126,0.560907,-0.0137834,-0.0502921,2.24363,0.516874
34.0176,0.241927,0.661823,0.495515,0.537496,-0.0136248,-0.0492945,2.14998,0.495301
34.4868,0.235572,0.638929,0.473974,0.514154,-0.01346,-0.0482818,2.05662,0.473792
34.956,0.229296,0.616514,0.452554,0.49094,-0.0132893,-0.0472564,1.96376,0.4524
35.4252,0.223102,0.594583,0.431307,0.467908,-0.0131131,-0.04622,1.87163,0.431176
35.8944,0.216991,0.573141,0.410279,0.445111,-0.0129318,-0.0451744,1.78044,0.410169
36.3636,0.210966,0.552191,0.389518,0.4226,-0.0127457,-0.0441217,1.6904,0.389425
36.8328,0.20503,0.531736,0.369067,0.400422,-0.0125551,-0.0430638,1.60169,0.368988
37.302,0.199184,0.511779,0.348967,0.378624,-0.0123604,-0.0420024,1.51449,0.3489
37.7713,0.193431,0.49232,0.329257,0.357246,-0.0121618,-0.0409392,1.42898,0.329201
38.2405,0.187771,0.473361,0.309972,0.336328,-0.01196,-0.0398757,1.34531,0.309925
38.7097,0.182207,0.4549,0.291147,0.315908,-0.0117549,-0.038814,1.26363,0.291108
39.1789,0.17674,0.436937,0.272813,0.296019,-0.011547,-0.0377551,1.18407,0.27278
39.6481,0.171371,0.41947,0.254997,0.27669,-0.0113367,-0.0367005,1.10676,0.254969
40.1173,0.166102,0.402497,0.237724,0.257951,-0.0111242,-0.0356518,1.0318,0.237701
40.5865,0.160932,0.386014,0.221017,0.239825,-0.01091,-0.0346104,0.959299,0.220998
41.0557,0.155864,0.370018,0.204895,0.222334,-0.0106941,-0.0335774,0.889334,0.20488
41.5249,0.150897,0.354505,0.189377,0.205496,-0.010477,-0.032554,0.821984,0.189364
41.9941,0.146032,0.339469,0.174476,0.189328,-0.0102589,-0.0315414,0.757311,0.174465
42.4633,0.14127,0.324906,0.160203,0.173842,-0.0100401,-0.0305406,0.695366,0.160194
42.9325,0.13661,0.310809,0.146569,0.159048,-0.00982097,-0.0295525,0.636191,0.146562
43.4017,0.132053,0.297173,0.13358,0.144954,-0.00960163,-0.0285782,0.579815,0.133574
43.871,0.1276,0.283991,0.121241,0.131564,-0.00938237,-0.0276185,0.526257,0.121236
44.3402,0.123249,0.271255,0.109553,0.118882,-0.00916351,-0.0266742,0.475528,0.109549
44.8094,0.119001,0.258959,0.0985172,0.106906,-0.00894542,-0.0257466,0.427626,0.0985139
45.2786,0.114854,0.247094,0.0881301,0.0956351,-0.00872789,-0.024835,0.38254,0.0881274
45.7478,0.11081,0.235654,0.0783892,0.0850648,-0.00851119,-0.02394,0.340259,0.078387
46.217,0.106867,0.224629,0.0692877,0.0751884,-0.00829595,-0.0230635,0.300754,0.0692859
46.6862,0.103025,0.214011,0.060818,0.0659976,-0.00808213,-0.0222055,0.26399,0.0608165
47.1554,0.0992829,0.203791,0.052971,0.0574823,-0.00786997,-0.0213661,0.229929,0.0529698
47.6246,0.0956399,0.19396,0.0457356,0.0496308,-0.00765956,-0.0205458,0.198523,0.0457346
48.0939,0.0920951,0.18451,0.0390998,0.0424299,-0.00745118,-0.0197449,0.16972,0.039099
48.5631,0.0886475,0.175431,0.0330501,0.035865,-0.00724494,-0.0189637,0.14346,0.0330495
49.0323,0.0852963,0.166714,0.0275719,0.0299202,-0.00704098,-0.0182022,0.119681,0.0275714
49.5015,0.0820402,0.15835,0.0226496,0.0245786,-0.00683945,-0.0174608,0.0983146,0.0226491
49.9707,0.078878,0.150329,0.0182666,0.0198224,-0.00664047,-0.0167394,0.0792897,0.0182663
50.4399,0.0758087,0.142641,0.0144057,0.0156326,-0.00644423,-0.0160381,0.0625304,0.0144054
50.9091,0.0728307,0.135278,0.0110487,0.0119897,-0.0062508,-0.015357,0.047959,0.0110485
51.3783,0.0699428,0.12823,0.00817724,0.00887368,-0.00606029,-0.0146961,0.0354947,0.00817707
51.8475,0.0671436,0.121487,0.0057721,0.00626369,-0.00587282,-0.0140551,0.0250547,0.00577197
52.3167,0.0644317,0.115041,0.00381389,0.00413868,-0.00568841,-0.013434,0.0165547,0.00381378
52.7859,0.0618055,0.108881,0.0022829,0.00247729,-0.00550724,-0.0128328,0.00990918,0.00228282
53.2551,0.0592636,0.102998,0.00115922,0.0012579,-0.00532935,-0.0122512,0.00503162,0.00115915
53.7243,0.0568044,0.097384,0.000422848,0.000458813,-0.00515478,-0.0116891,0.00183525,0.000422795
54.1936,0.0544262,0.0920289,5.37555e-05,5.8289e-05,-0.00498358,-0.0111462,0.000233156,5.37132e-05
54.6628,0.0521277,0.0869242,3.3445e-08,0,-0.00481584,-0.0106222,0,0
55.132,0.049907,0.0820609,2.63643e-08,0,-0.00465163,-0.010117,0,0
55.6012,0.0477625,0.0774302,2.07469e-08,0,-0.00449091,-0.00963014,0,0
56.0704,0.0456926,0.0730238,1.62983e-08,0,-0.00433376,-0.00916133,0,0
56.5396,0.0436956,0.0688331,1.27816e-08,0,-0.00418019,-0.00871028,0,0
57.0088,0.0417699,0.0648499,1.00065e-08,0,-0.00403019,-0.00827663,0,0
57.478,0.0399136,0.0610662,7.82046e-09,0,-0.00388384,-0.00785998,0,0
57.9472,0.0381252,0.057474,6.10148e-09,0,-0.00374108,-0.00746,0,0
58.4164,0.0364029,0.0540656,4.75215e-09,0,-0.00360192,-0.00707628,0,0
58.8856,0.0347451,0.0508335,3.69486e-09,0,-0.00346638,-0.00670843,0,0
59.3548,0.03315,0.0477703,2.86788e-09,0,-0.00333444,-0.00635604,0,0
59.824,0.031616,0.0448689,2.22216e-09,0,-0.00320607,-0.00601869,0,0
60.2933,0.0301414,0.0421222,1.71887e-09,0,-0.00308125,-0.00569598,0,0
60.7625,0.0287245,0.0395237,1.32728e-09,0,-0.00295997,-0.00538749,0,0
61.2317,0.0273637,0.0370665,1.02314e-09,0,-0.00284219,-0.00509279,0,0
61.7009,0.0260574,0.0347445,7.87341e-10,0,-0.00272786,-0.00481149,0,0
62.1701,0.0248038,0.0325514,6.04843e-10,0,-0.00261699,-0.00454312,0,0
62.6393,0.0236015,0.0304812,4.63847e-10,0,-0.0025095,-0.00428727,0,0
63.1085,0.0224489,0.0285281,3.55108e-10,0,-0.00240535,-0.00404354,0,0
63.5777,0.0213443,0.0266866,2.71394e-10,0,-0.00230452,-0.00381153,0,0
64.0469,0.0202863,0.0249513,2.07058e-10,0,-0.00220691,-0.00359078,0,0
64.5161,0.0192733,0.023317,1.57702e-10,0,-0.00211252,-0.00338087,0,0
64.9853,0.0183039,0.0217787,1.19904e-10,0,-0.00202128,-0.00318147,0,0
65.4545,0.0173765,0.0203314,9.10091e-11,0,-0.00193313,-0.00299216,0,0
65.9238,0.0164898,0.0189708,6.89587e-11,0,-0.00184801,-0.00281251,0,0
66.393,0.0156423,0.0176921,5.2161e-11,0,-0.00176585,-0.00264214,0,0
66.8622,0.0148327,0.0164913,3.93872e-11,0,-0.00168663,-0.00248072,0,0
67.3314,0.0140595,0.0153642,2.96906e-11,0,-0.00161025,-0.00232785,0,0
67.8006,0.0133216,0.0143068,2.23426e-11,0,-0.00153666,-0.00218319,0,0
68.2698,0.0126175,0.0133155,1.67843e-11,0,-0.0014658,-0.00204637,0,0
68.739,0.0119461,0.0123865,1.25871e-11,0,-0.00139759,-0.00191706,0,0
69.2082,0.011306,0.0115165,9.42324e-12,0,-0.00133199,-0.00179492,0,0
69.6774,0.0106961,0.0107021,7.04253e-12,0,-0.00126891,-0.00167962,0,0
70.1466,0.0101152,0.00994027,5.25424e-12,0,-0.00120829,-0.00157085,0,0
70.6158,0.00956223,0.00922799,3.9133e-12,0,-0.00115008,-0.00146831,0,0
71.085,0.00903598,0.00856239,2.90959e-12,0,-0.00109421,-0.00137171,0,0
71.5542,0.0085354,0.00794075,2.15959e-12,0,-0.0010406,-0.00128075,0,0
72.0235,0.00805946,0.00736051,1.60016e-12,0,-0.000989179,-0.00119516,0,0
72.4927,0.00760714,0.0068192,1.18362e-12,0,-0.000939903,-0.00111467,0,0
72.9619,0.00717744,0.00631448,8.73998e-13,0,-0.000892699,-0.00103903,0,0
73.4311,0.00676941,0.00584415,6.44261e-13,0,-0.000847515,-0.000967992,0,0
73.9003,0.00638212,0.0054061,4.74097e-13,0,-0.000804265,-0.000901309,0,0
74.3695,0.00601468,0.00499835,3.48278e-13,0,-0.000762889,-0.000838761,0,0
74.8387,0.00566621,0.004619,2.55409e-13,0,-0.000723359,-0.000780138,0,0
75.3079,0.00533587,0.00426625,1.8698e-13,0,-0.000685568,-0.000725198,0,0
75.7771,0.00502286,0.00393846,1.36651e-13,0,-0.000649457,-0.000673744,0,0
76.2463,0.00472641,0.003634,9.96972e-14,0,-0.00061501,-0.00062561,0,0
76.7156,0.00444573,0.00335138,7.26116e-14,0,-0.000582136,-0.000580596,0,0
77.1848,0.00418012,0.00308916,5.27938e-14,0,-0.000550782,-0.000538532,0,0
77.654,0.00392887,0.00284601,3.83188e-14,0,-0.000520902,-0.000499239,0,0
78.1232,0.0036913,0.00262067,2.77648e-14,0,-0.000492432,-0.000462554,0,0
78.5924,0.00346676,0.00241194,2.00831e-14,0,-0.000465328,-0.000428334,0,0
79.0616,0.00325463,0.00221871,1.45017e-14,0,-0.000439527,-0.000396432,0,0
79.5308,0.0030543,0.00203992,1.04535e-14,0,-0.000414977,-0.000366704,0,0
80,0.0028652,0.00187459,7.52238e-15,0,-0.000391636,-0.000339021,0,0
80.4692,0.00268678,0.00172178,5.40385e-15,0,-0.000369455,-0.000313257,0,0
80.9384,0.0025185,0.00158062,3.87528e-15,0,-0.000348385,-0.000289295,0,0
81.4076,0.00235985,0.0014503,2.77432e-15,0,-0.000328376,-0.000267019,0,0
81.8768,0.00221035,0.00133005,1.98273e-15,0,-0.000309384,-0.000246325,0,0
82.346,0.00206952,0.00121915,1.41457e-15,0,-0.000291372,-0.000227112,0,0
82.8153,0.00193692,0.00111692,1.00748e-15,0,-0.000274294,-0.000209284,0,0
83.2845,0.00181212,0.00102275,7.16311e-16,0,-0.000258109,-0.00019275,0,0
83.7537,0.00169471,0.000936042,5.08418e-16,0,-0.000242778,-0.000177427,0,0
84.2229,0.00158429,0.00085625,3.60242e-16,0,-0.000228259,-0.000163234,0,0
84.6921,0.0014805,0.000782861,2.54811e-16,0,-0.000214521,-0.000150094,0,0
85.1613,0.00138298,0.000715399,1.79927e-16,0,-0.000201526,-0.000137938,0,0
85.6305,0.00129139,0.000653417,1.26832e-16,0,-0.000189241,-0.000126698,0,0
86.0997,0.0012054,0.000596503,8.92504e-17,0,-0.000177629,-0.000116312,0,0
86.5689,0.0011247,0.000544268,6.26972e-17,0,-0.000166659,-0.000106719,0,0
87.0381,0.001049,0.000496356,4.39681e-17,0,-0.000156304,-9.78635e-05,0,0
87.5073,0.00097802,0.000452432,3.07809e-17,0,-0.000146531,-8.96958e-05,0,0
87.9765,0.000911492,0.000412184,2.15118e-17,0,-0.000137314,-8.21655e-05,0,0
88.4457,0.000849163,0.000375326,1.50081e-17,0,-0.000128621,-7.5226e-05,0,0
88.915,0.000790792,0.000341591,1.04527e-17,0,-0.000120428,-6.88361e-05,0,0
89.3842,0.000736151,0.000310729,7.26747e-18,0,-0.000112711,-6.29557e-05,0,0
89.8534,0.000685022,0.000282512,5.0442e-18,0,-0.000105446,-5.75461e-05,0,0
90.3226,0.000637199,0.000256727,3.49504e-18,0,-9.86085e-05,-5.25729e-05,0,0
90.7918,0.000592486,0.000233177,2.4175e-18,0,-9.21757e-05,-4.80042e-05,0,0
91.261,0.0005507,0.000211679,1.6693e-18,0,-8.61267e-05,-4.3809e-05,0,0
91.7302,0.000511664,0.000192066,1.15068e-18,0,-8.04418e-05,-3.99587e-05,0,0
92.1994,0.000475212,0.000174181,7.91822e-19,0,-7.51012e-05,-3.64274e-05,0,0
92.6686,0.000441187,0.000157882,5.43945e-19,0,-7.00872e-05,-3.31906e-05,0,0
93.1378,0.000409441,0.000143035,3.73021e-19,0,-6.53803e-05,-3.02252e-05,0,0
93.607,0.000379833,0.000129518,2.55368e-19,0,-6.0964e-05,-2.75099e-05,0,0
94.0762,0.000352231,0.000117219,1.74522e-19,0,-5.68233e-05,-2.5025e-05,0,0
94.5454,0.00032651,0.000106034,1.19067e-19,0,-5.29419e-05,-2.27527e-05,0,0
95.0147,0.00030255,9.58676e-05,8.10927e-20,0,-4.93059e-05,-2.06756e-05,0,0
95.4839,0.00028024,8.66318e-05,5.51349e-20,0,-4.59005e-05,-1.87781e-05,0,0
95.9531,0.000259476,7.82459e-05,3.74217e-20,0,-4.27123e-05,-1.70456e-05,0,0
96.4223,0.000240158,7.06359e-05,2.53557e-20,0,-3.97297e-05,-1.54647e-05,0,0
96.8915,0.000222193,6.37336e-05,1.71506e-20,0,-3.69404e-05,-1.40229e-05,0,0
97.3607,0.000205493,5.74766e-05,1.15807e-20,0,-3.43329e-05,-1.27088e-05,0,0
97.8299,0.000189974,5.18075e-05,7.80628e-21,0,-3.18964e-05,-1.15117e-05,0,0
98.2991,0.000175561,4.66738e-05,5.253e-21,0,-2.96203e-05,-1.04219e-05,0,0
98.7683,0.000162178,4.20274e-05,3.52877e-21,0,-2.74957e-05,-9.43015e-06,0,0
99.2375,0.000149758,3.78244e-05,2.36642e-21,0,-2.55132e-05,-8.52826e-06,0,0
99.7067,0.000138236,3.40244e-05,1.58421e-21,0,-2.3664e-05,-7.70853e-06,0,0
100.176,0.000127552,3.05906e-05,1.05874e-21,0,-2.19397e-05,-6.9639e-06,0,0
100.645,0.000117648,2.74893e-05,7.06345e-22,0,-2.03327e-05,-6.28785e-06,0,0
101.114,0.000108471,2.469e-05,4.70432e-22,0,-1.8836e-05,-5.67444e-06,0,0
101.584,9.99716e-05,2.21644e-05,3.12775e-22,0,-1.74422e-05,-5.11816e-06,0,0
102.053,9.21029e-05,1.9887e-05,2.07595e-22,0,-1.61451e-05,-4.61392e-06,0,0
102.522,8.48208e-05,1.78346e-05,1.37549e-22,0,-1.49384e-05,-4.15717e-06,0,0
102.991,7.80845e-05,1.59858e-05,9.0981e-23,0,-1.38161e-05,-3.74367e-06,0,0
103.46,7.18555e-05,1.43215e-05,6.00754e-23,0,-1.2773e-05,-3.36951e-06,0,0
103.93,6.60981e-05,1.28238e-05,3.96001e-23,0,-1.18039e-05,-3.03113e-06,0,0
104.399,6.07786e-05,1.1477e-05,2.60584e-23,0,-1.09039e-05,-2.72528e-06,0,0
104.868,5.58656e-05,1.02664e-05,1.7118e-23,0,-1.00688e-05,-2.44908e-06,0,0
105.337,5.13298e-05,9.17874e-06,1.12253e-23,0,-9.2935e-06,-2.19964e-06,0,0
105.806,4.71445e-05,8.2022e-06,7.34869e-24,0,-8.57416e-06,-1.97449e-06,0,0
106.276,4.32837e-05,7.32584e-06,4.80258e-24,0,-7.90763e-06,-1.77151e-06,0,0
106.745,3.97238e-05,6.53978e-06,3.13323e-24,0,-7.28991e-06,-1.58856e-06,0,0
107.214,3.64427e-05,5.83511e-06,2.04062e-24,0,-6.71777e-06,-1.42375e-06,0,0
107.683,3.34198e-05,5.20371e-06,1.32674e-24,0,-6.188e-06,-1.27538e-06,0,0
108.153,3.06358e-05,4.63827e-06,8.61114e-25,0,-5.6977e-06,-1.14186e-06,0,0
108.622,2.80729e-05,4.13218e-06,5.57944e-25,0,-5.24414e-06,-1.02176e-06,0,0
109.091,2.57146e-05,3.67943e-06,3.60888e-25,0,-4.82471e-06,-9.13826e-07,0,0
109.56,2.35453e-05,3.27463e-06,2.33028e-25,0,-4.43712e-06,-8.16859e-07,0,0
110.029,2.15507e-05,2.91288e-06,1.50209e-25,0,-4.07897e-06,-7.29797e-07,0,0
110.499,1.97176e-05,2.58977e-06,9.66581e-26,0,-3.74816e-06,-6.5167e-07,0,0
110.968,1.80334e-05,2.30134e-06,6.20916e-26,0,-3.44286e-06,-5.81603e-07,0,0
111.437,1.64867e-05,2.04399e-06,3.98181e-26,0,-3.16114e-06,-5.18794e-07,0,0
111.906,1.50669e-05,1.8145e-06,2.54906e-26,0,-2.90132e-06,-4.62524e-07,0,0
112.375,1.37641e-05,1.60995e-06,1.62904e-26,0,-2.66178e-06,-4.12142e-07,0,0
112.845,1.25691e-05,1.42773e-06,1.0393e-26,0,-2.44099e-06,-3.67053e-07,0,0
113.314,1.14734e-05,1.2655e-06,6.6191e-27,0,-2.23764e-06,-3.26725e-07,0,0
113.783,1.04692e-05,1.12113e-06,4.20835e-27,0,-2.05041e-06,-2.90675e-07,0,0
114.252,9.54928e-06,9.92726e-07,2.67102e-27,0,-1.8781e-06,-2.58468e-07,0,0
114.721,8.7068e-06,8.7858e-07,1.69237e-27,0,-1.71958e-06,-2.29707e-07,0,0
115.191,7.9356e-06,7.77164e-07,1.07045e-27,0,-1.57378e-06,-2.0404e-07,0,0
115.66,7.22993e-06,6.87105e-07,6.75915e-28,0,-1.43978e-06,-1.81146e-07,0,0
116.129,6.58449e-06,6.07174e-07,4.26059e-28,0,-1.31667e-06,-1.60735e-07,0,0
116.598,5.99435e-06,5.36269e-07,2.68103e-28,0,-1.2036e-06,-1.4255e-07,0,0
117.067,5.45501e-06,4.73402e-07,1.68416e-28,0,-1.0998e-06,-1.26357e-07,0,0
117.537,4.96228e-06,4.17693e-07,1.05614e-28,0,-1.00453e-06,-1.11943e-07,0,0
118.006,4.51234e-06,3.68353e-07,6.61172e-29,0,-9.17158e-07,-9.91216e-08,0,0
118.475,4.10161e-06,3.24676e-07,4.13196e-29,0,-8.37053e-07,-8.77231e-08,0,0
118.944,3.72683e-06,2.86032e-07,2.57782e-29,0,-7.63642e-07,-7.75947e-08,0,0
119.413,3.38499e-06,2.5186e-07,1.60547e-29,0,-6.96385e-07,-6.85999e-08,0,0
119.883,3.07333e-06,2.21657e-07,9.98168e-30,0,-6.34792e-07,-6.06152e-08,0,0
120.352,2.78929e-06,1.94978e-07,6.19526e-30,0,-5.7842e-07,-5.35319e-08,0,0
120.821,2.53054e-06,1.71422e-07,3.83854e-30,0,-5.26843e-07,-4.72522e-08,0,0
121.29,2.2949e-06,1.50635e-07,2.37426e-30,0,-4.79679e-07,-4.16869e-08,0,0
121.76,2.0804e-06,1.32302e-07,1.46602e-30,0,-4.36555e-07,-3.67579e-08,0,0
122.229,1.88523e-06,1.16141e-07,9.03667e-31,0,-3.97147e-07,-3.23947e-08,0,0
122.698,1.70771e-06,1.01903e-07,5.56071e-31,0,-3.61159e-07,-2.85345e-08,0,0
123.167,1.54631e-06,8.9364e-08,3.41588e-31,0,-3.28298e-07,-2.51212e-08,0,0
123.636,1.39963e-06,7.83283e-08,2.09474e-31,0,-2.98309e-07,-2.21045e-08,0,0
124.106,1.26637e-06,6.86208e-08,1.28236e-31,0,-2.70951e-07,-1.94399e-08,0,0
124.575,1.14536e-06,6.00856e-08,7.83679e-32,0,-2.46001e-07,-1.70877e-08,0,0
125.044,1.03552e-06,5.25854e-08,4.78108e-32,0,-2.23261e-07,-1.50122e-08,0,0
125.513,9.3585e-07,4.59979e-08,2.91182e-32,0,-2.02543e-07,-1.31819e-08,0,0
125.982,8.45449e-07,4.02154e-08,1.77033e-32,0,-1.83676e-07,-1.15687e-08,0,0
126.452,7.63486e-07,3.51417e-08,1.07448e-32,0,-1.66498e-07,-1.01476e-08,0,0
126.921,6.89205e-07,3.06927e-08,6.51025e-33,0,-1.50865e-07,-8.89637e-09,0,0
127.39,6.21912e-07,2.67932e-08,3.93775e-33,0,-1.36647e-07,-7.79546e-09,0,0
127.859,5.60973e-07,2.33773e-08,2.37765e-33,0,-1.2372e-07,-6.82706e-09,0,0
128.328,5.05811e-07,2.03866e-08,1.4332e-33,0,-1.1197e-07,-5.97601e-09,0,0
128.798,4.55898e-07,1.77693e-08,8.62412e-34,0,-1.01297e-07,-5.22825e-09,0,0
129.267,4.10753e-07,1.54803e-08,5.18059e-34,0,-9.16042e-08,-4.57166e-09,0,0
129.736,3.69935e-07,1.34792e-08,3.10667e-34,0,-8.28053e-08,-3.99545e-09,0,0
130.205,3.33047e-07,1.17309e-08,1.85978e-34,0,-7.4823e-08,-3.49e-09,0,0
130.674,2.9972e-07,1.02042e-08,1.11143e-34,0,-6.75834e-08,-3.04698e-09,0,0
131.144,2.69625e-07,8.87156e-09,6.6307e-35,0,-6.10188e-08,-2.65879e-09,0,0
131.613,2.42459e-07,7.7091e-09,3.94899e-35,0,-5.50707e-08,-2.31883e-09,0,0
132.082,2.17946e-07,6.69553e-09,2.34784e-35,0,-4.96827e-08,-2.02129e-09,0,0
132.551,1.95836e-07,5.81229e-09,1.39348e-35,0,-4.4804e-08,-1.761e-09,0,0
133.021,1.75901e-07,5.04298e-09,8.25635e-36,0,-4.03882e-08,-1.53344e-09,0,0
133.49,1.57935e-07,4.37328e-09,4.88345e-36,0,-3.63929e-08,-1.33459e-09,0,0
133.959,1.41749e-07,3.79058e-09,2.8835e-36,0,-3.27801e-08,-1.16092e-09,0,0
134.428,1.27174e-07,3.28386e-09,1.69968e-36,0,-2.95143e-08,-1.00931e-09,0,0
134.897,1.14053e-07,2.84342e-09,1.00015e-36,0,-2.6564e-08,-8.77091e-10,0,0
135.367,1.02246e-07,2.46078e-09,5.87492e-37,0,-2.38986e-08,-7.61757e-10,0,0
135.836,9.1626e-08,2.12858e-09,3.44513e-37,0,-2.14911e-08,-6.61223e-10,0,0
136.305,8.20781e-08,1.84028e-09,2.01681e-37,0,-1.9319e-08,-5.73681e-10,0,0
136.774,7.34967e-08,1.59022e-09,1.17862e-37,0,-1.736e-08,-4.97473e-10,0,0
137.243,6.57871e-08,1.37344e-09,6.87604e-38,0,-1.55933e-08,-4.31162e-10,0,0
137.713,5.88638e-08,1.18562e-09,4.00456e-38,0,-1.40005e-08,-3.73492e-10,0,0
138.182,5.26488e-08,1.02295e-09,2.32822e-38,0,-1.25657e-08,-3.23371e-10,0,0
138.651,4.70719e-08,8.82159e-10,1.35129e-38,0,-1.12735e-08,-2.79831e-10,0,0
139.12,4.20696e-08,7.60354e-10,7.82932e-39,0,-1.01102e-08,-2.42026e-10,0,0
139.589,3.75844e-08,6.55038e-10,4.5285e-39,0,-9.06325e-09,-2.0922e-10,0,0
140.059,3.35645e-08,5.64019e-10,2.61478e-39,0,-8.12159e-09,-1.80768e-10,0,0
140.528,2.99629e-08,4.85402e-10,1.5072e-39,0,-7.27485e-09,-1.56102e-10,0,0
140.997,2.67376e-08,4.1753e-10,8.67278e-40,0,-6.51374e-09,-1.34732e-10,0,0
141.466,2.38503e-08,3.58967e-10,4.98197e-40,0,-5.83009e-09,-1.16227e-10,0,0
141.935,2.12666e-08,3.0846e-10,2.85688e-40,0,-5.21609e-09,-1.00213e-10,0,0
142.405,1.89555e-08,2.64926e-10,1.63546e-40,0,-4.66479e-09,-8.63594e-11,0,0
142.874,1.68891e-08,2.27419e-10,9.34638e-41,0,-4.17018e-09,-7.43826e-11,0,0
143.343,1.50421e-08,1.95124e-10,5.33194e-41,0,-3.72655e-09,-6.40336e-11,0,0
143.812,1.3392e-08,1.67329e-10,3.03675e-41,0,-3.32879e-09,-5.50956e-11,0,0
144.282,1.19183e-08,1.43421e-10,1.7264e-41,0,-2.97233e-09,-4.73805e-11,0,0
144.751,1.06027e-08,1.22866e-10,9.79788e-42,0,-2.65297e-09,-4.07251e-11,0,0
145.22,9.42872e-09,1.05204e-10,5.55194e-42,0,-2.36698e-09,-3.4986e-11,0,0
145.689,8.38151e-09,9.00349e-11,3.14031e-42,0,-2.11101e-09,-3.00402e-11,0,0
146.158,7.44772e-09,7.7014e-11,1.77264e-42,0,-1.882e-09,-2.57801e-11,0,0
146.628,6.61541e-09,6.58424e-11,9.99126e-43,0,-1.67713e-09,-2.21128e-11,0,0
147.097,5.87387e-09,5.6263e-11,5.63322e-43,0,-1.49397e-09,-1.89572e-11,0,0
147.566,5.21345e-09,4.80527e-11,3.16693e-43,0,-1.33029e-09,-1.62437e-11,0,0
148.035,4.6255e-09,4.10197e-11,1.76564e-43,0,-1.18408e-09,-1.39112e-11,0,0
148.504,4.10229e-09,3.49982e-11,9.94922e-44,0,-1.05353e-09,-1.19074e-11,0,0
148.974,3.63685e-09,2.98456e-11,5.60519e-44,0,-9.37003e-10,-1.01871e-11,0,0
149.443,3.22299e-09,2.54385e-11,3.08286e-44,0,-8.33027e-10,-8.7108e-12,0,0
149.912,2.85513e-09,2.16712e-11,1.68156e-44,0,-7.40307e-10,-7.44452e-12,0,0
150.381,2.52827e-09,1.84524e-11,8.40779e-45,0,-6.57645e-10,-6.35917e-12,0,0
150.85,2.23798e-09,1.57037e-11,5.60519e-45,0,-5.83988e-10,-5.42903e-12,0,0
151.32,1.98025e-09,1.33577e-11,2.8026e-45,0,-5.18375e-10,-4.63265e-12,0,0
151.789,1.75153e-09,1.13563e-11,1.4013e-45,0,-4.59937e-10,-3.95103e-12,0,0
152.258,1.54863e-09,9.64999e-12,1.4013e-45,0,-4.07936e-10,-3.36794e-12,0,0
152.727,1.36872e-09,8.19581e-12,0,0,-3.61674e-10,-2.86943e-12,0,0
153.196,1.20923e-09,6.95728e-12,0,0,-3.2053e-10,-2.44343e-12,0,0
153.666,1.06792e-09,5.90286e-12,0,0,-2.83955e-10,-2.0796e-12,0,0
154.135,9.42766e-10,5.00574e-12,0,0,-2.51454e-10,-1.76903e-12,0,0
154.604,8.31956e-10,4.24278e-12,0,0,-2.22585e-10,-1.50407e-12,0,0
155.073,7.33888e-10,3.59429e-12,0,0,-1.96955e-10,-1.27812e-12,0,0
155.543,6.4713e-10,3.04336e-12,0,0,-1.74208e-10,-1.08556e-12,0,0
156.012,5.70408e-10,2.57558e-12,0,0,-1.54025e-10,-9.2153e-13,0,0
156.481,5.02591e-10,2.17859e-12,0,0,-1.36126e-10,-7.81883e-13,0,0
156.95,4.42665e-10,1.84185e-12,0,0,-1.20261e-10,-6.63051e-13,0,0
157.419,3.89736e-10,1.55637e-12,0,0,-1.06202e-10,-5.61991e-13,0,0
157.889,3.43003e-10,1.31447e-12,0,0,-9.37515e-11,-4.76086e-13,0,0
158.358,3.01758e-10,1.1096e-12,0,0,-8.27279e-11,-4.03107e-13,0,0
158.827,2.6537e-10,9.36189e-13,0,0,-7.29712e-11,-3.41136e-13,0,0
159.296,2.33281e-10,7.89474e-13,0,0,-6.43394e-11,-2.88542e-13,0,0
159.765,2.04993e-10,6.65417e-13,0,0,-5.67069e-11,-2.43932e-13,0,0
160.235,1.80066e-10,5.60565e-13,0,0,-4.99611e-11,-2.06112e-13,0,0
160.704,1.58109e-10,4.71998e-13,0,0,-4.39996e-11,-1.74065e-13,0,0
161.173,1.38776e-10,3.97219e-13,0,0,-3.87335e-11,-1.46926e-13,0,0
161.642,1.2176e-10,3.3412e-13,0,0,-3.40849e-11,-1.23953e-13,0,0
162.111,1.0679e-10,2.809e-13,0,0,-2.99824e-11,-1.04519e-13,0,0
162.581,9.36244e-11,2.36038e-13,0,0,-2.63635e-11,-8.80853e-14,0,0
163.05,8.20502e-11,1.98239e-13,0,0,-2.31722e-11,-7.41978e-14,0,0
163.519,7.18793e-11,1.6641e-13,0,0,-2.0359e-11,-6.24672e-14,0,0
163.988,6.2945e-11,1.39619e-13,0,0,-1.78804e-11,-5.25642e-14,0,0
164.457,5.51e-11,1.17082e-13,0,0,-1.56976e-11,-4.42082e-14,0,0
164.927,4.82141e-11,9.81332e-14,0,0,-1.37761e-11,-3.71629e-14,0,0
165.396,4.21722e-11,8.22081e-14,0,0,-1.20849e-11,-3.12225e-14,0,0
165.865,3.68735e-11,6.88335e-14,0,0,-1.05966e-11,-2.62174e-14,0,0
166.334,3.22282e-11,5.76052e-14,0,0,-9.28817e-12,-2.20044e-14,0,0
166.804,2.81573e-11,4.81842e-14,0,0,-8.13815e-12,-1.84586e-14,0,0
167.273,2.45912e-11,4.02833e-14,0,0,-7.12778e-12,-1.54763e-14,0,0
167.742,2.14685e-11,3.3661e-14,0,0,-6.24045e-12,-1.29692e-14,0,0
168.211,1.87351e-11,2.81129e-14,0,0,-5.46139e-12,-1.08625e-14,0,0
168.68,1.63434e-11,2.34674e-14,0,0,-4.77771e-12,-9.09332e-15,0,0
169.15,1.42516e-11,1.95795e-14,0,0,-4.17799e-12,-7.60849e-15,0,0
169.619,1.24227e-11,1.63275e-14,0,0,-3.65211e-12,-6.36269e-15,0,0
170.088,1.08244e-11,1.36087e-14,0,0,-3.19123e-12,-5.31816e-15,0,0
170.557,9.42803e-12,1.13369e-14,0,0,-2.78736e-12,-4.44284e-15,0,0
171.026,8.20868e-12,9.43945e-15,0,0,-2.43361e-12,-3.70969e-15,0,0
171.496,7.14428e-12,7.85564e-15,0,0,-2.12396e-12,-3.09588e-15,0,0
171.965,6.21552e-12,6.53422e-15,0,0,-1.85298e-12,-2.58233e-15,0,0
172.434,5.40541e-12,5.43233e-15,0,0,-1.61594e-12,-2.15285e-15,0,0
172.903,4.69909e-12,4.51395e-15,0,0,-1.40867e-12,-1.79387e-15,0,0
173.372,4.08349e-12,3.74894e-15,0,0,-1.22751e-12,-1.49396e-15,0,0
173.842,3.54718e-12,3.11199e-15,0,0,-1.06923e-12,-1.24358e-15,0,0
174.311,3.08011e-12,2.58195e-15,0,0,-9.30992e-13,-1.03462e-15,0,0
174.78,2.67352e-12,2.14109e-15,0,0,-8.10317e-13,-8.60317e-16,0,0
175.249,2.3197e-12,1.77461e-15,0,0,-7.04998e-13,-7.15018e-16,0,0
175.718,2.01193e-12,1.47011e-15,0,0,-6.13119e-13,-5.93949e-16,0,0
176.188,1.74434e-12,1.21724e-15,0,0,-5.33013e-13,-4.93127e-16,0,0
176.657,1.51175e-12,1.00735e-15,0,0,-4.63193e-13,-4.09212e-16,0,0
177.126,1.30967e-12,8.33231e-16,0,0,-4.0236e-13,-3.39395e-16,0,0
177.595,1.13416e-12,6.88855e-16,0,0,-3.49382e-13,-2.81347e-16,0,0
178.065,9.81802e-13,5.6921e-16,0,0,-3.03259e-13,-2.33108e-16,0,0
178.534,8.49582e-13,4.70102e-16,0,0,-2.6312e-13,-1.93042e-16,0,0
179.003,7.34886e-13,3.88057e-16,0,0,-2.28206e-13,-1.59777e-16,0,0
179.472,6.35429e-13,3.20165e-16,0,0,-1.97852e-13,-1.32178e-16,0,0
179.941,5.49218e-13,2.64019e-16,0,0,-1.71464e-13,-1.09289e-16,0,0
180.411,4.74524e-13,2.17607e-16,0,0,-1.48535e-13,-9.03176e-17,0,0
180.88,4.09831e-13,1.79263e-16,0,0,-1.28624e-13,-7.4601e-17,0,0
181.349,3.53821e-13,1.476e-16,0,0,-1.11338e-13,-6.15882e-17,0,0
181.818,3.05349e-13,1.21468e-16,0,0,-9.63387e-14,-5.08176e-17,0,0
182.287,2.63416e-13,9.9912e-17,0,0,-8.33267e-14,-4.19093e-17,0,0
182.757,2.27154e-13,8.21393e-17,0,0,-7.20439e-14,-3.45454e-17,0,0
183.226,1.95808e-13,6.74941e-17,0,0,-6.22646e-14,-2.84603e-17,0,0
183.695,1.68724e-13,5.54317e-17,0,0,-5.37917e-14,-2.34353e-17,0,0
184.164,1.45329e-13,4.5502e-17,0,0,-4.64544e-14,-1.92875e-17,0,0
184.633,1.2513e-13,3.7332e-17,0,0,-4.01015e-14,-1.58656e-17,0,0
185.103,1.07697e-13,3.06135e-17,0,0,-3.46032e-14,-1.3044e-17,0,0
185.572,9.26579e-14,2.50912e-17,0,0,-2.98477e-14,-1.07189e-17,0,0
186.041,7.96878e-14,2.05547e-17,0,0,-2.57359e-14,-8.80361e-18,0,0
186.51,6.85069e-14,1.68298e-17,0,0,-2.21816e-14,-7.22681e-18,0,0
186.979,5.88722e-14,1.3773e-17,0,0,-1.91108e-14,-5.9294e-18,0,0
187.449,5.0573e-14,1.12655e-17,0,0,-1.64587e-14,-4.86243e-18,0,0
187.918,4.34271e-14,9.20998e-18,0,0,-1.41691e-14,-3.98535e-18,0,0
188.387,3.72766e-14,7.52563e-18,0,0,-1.21932e-14,-3.26484e-18,0,0
188.856,3.19848e-14,6.1462e-18,0,0,-1.04889e-14,-2.6732e-18,0,0
189.326,2.74336e-14,5.01705e-18,0,0,-9.01925e-15,-2.18762e-18,0,0
189.795,2.3521e-14,4.0933e-18,0,0,-7.75226e-15,-1.78935e-18,0,0
190.264,2.01587e-14,3.3379e-18,0,0,-6.66076e-15,-1.46284e-18,0,0
190.733,1.72705e-14,2.72054e-18,0,0,-5.72076e-15,-1.19528e-18,0,0
191.202,1.47903e-14,2.21623e-18,0,0,-4.91148e-15,-9.76168e-19,0,0
191.672,1.26614e-14,1.80449e-18,0,0,-4.21504e-15,-7.96808e-19,0,0
192.141,1.08348e-14,1.46849e-18,0,0,-3.61596e-15,-6.50067e-19,0,0
192.61,9.26817e-15,1.19446e-18,0,0,-3.10077e-15,-5.30077e-19,0,0
193.079,7.92501e-15,9.71058e-19,0,0,-2.65797e-15,-4.32017e-19,0,0
193.548,6.77389e-15,7.89046e-19,0,0,-2.27755e-15,-3.5191e-19,0,0
194.018,5.78772e-15,6.4082e-19,0,0,-1.95079e-15,-2.86512e-19,0,0
194.487,4.94323e-15,5.20178e-19,0,0,-1.67022e-15,-2.33147e-19,0,0
194.956,4.22035e-15,4.2203e-19,0,0,-1.42951e-15,-1.89633e-19,0,0
195.425,3.60176e-15,3.42223e-19,0,0,-1.22299e-15,-1.54151e-19,0,0
195.894,3.07268e-15,2.77372e-19,0,0,-1.04585e-15,-1.25242e-19,0,0
196.364,2.62032e-15,2.24694e-19,0,0,-8.94046e-16,-1.01706e-19,0,0
196.833,2.2337e-15,1.8193e-19,0,0,-7.63986e-16,-8.2549e-20,0,0
197.302,1.90338e-15,1.47229e-19,0,0,-6.52594e-16,-6.69673e-20,0,0
197.771,1.62129e-15,1.19086e-19,0,0,-5.57217e-16,-5.42991e-20,0,0
198.24,1.38048e-15,9.62736e-20,0,0,-4.75596e-16,-4.40041e-20,0,0
198.71,1.17499e-15,7.77921e-20,0,0,-4.0578e-16,-3.56424e-20,0,0
199.179,9.99688e-16,6.28262e-20,0,0,-3.46075e-16,-2.88551e-20,0,0
199.648,8.50222e-16,5.07141e-20,0,0,-2.95032e-16,-2.33483e-20,0,0
200.117,7.22825e-16,4.09158e-20,0,0,-2.51426e-16,-1.88828e-20,0,0
200.587,6.1428e-16,3.29941e-20,0,0,-2.14181e-16,-1.52633e-20,0,0
201.056,5.21834e-16,2.65924e-20,0,0,-1.8238e-16,-1.23315e-20,0,0
201.525,4.43132e-16,2.14221e-20,0,0,-1.5524e-16,-9.95758e-21,0,0
201.994,3.76154e-16,1.72481e-20,0,0,-1.32089e-16,-8.03654e-21,0,0
202.463,3.19177e-16,1.38804e-20,0,0,-1.12347e-16,-6.48278e-21,0,0
202.933,2.70726e-16,1.11645e-20,0,0,-9.5517e-17,-5.22678e-21,0,0
203.402,2.29542e-16,8.97553e-21,0,0,-8.11781e-17,-4.21189e-21,0,0
203.871,1.94547e-16,7.21201e-21,0,0,-6.89645e-17,-3.39235e-21,0,0
204.34,1.64825e-16,5.7921e-21,0,0,-5.85639e-17,-2.73086e-21,0,0
204.809,1.3959e-16,4.64933e-21,0,0,-4.97133e-17,-2.19726e-21,0,0
205.279,1.18173e-16,3.73016e-21,0,0,-4.21838e-17,-1.76698e-21,0,0
205.748,1.00004e-16,2.99117e-21,0,0,-3.57816e-17,-1.42024e-21,0,0
206.217,8.45951e-17,2.39738e-21,0,0,-3.03386e-17,-1.14096e-21,0,0
206.686,7.15336e-17,1.92047e-21,0,0,-2.57134e-17,-9.16133e-22,0,0
207.155,6.04652e-17,1.53767e-21,0,0,-2.17854e-17,-7.35219e-22,0,0
207.625,5.10898e-17,1.23053e-21,0,0,-1.84498e-17,-5.89737e-22,0,0
208.094,4.31516e-17,9.84247e-22,0,0,-1.5619e-17,-4.72797e-22,0,0
208.563,3.64327e-17,7.8685e-22,0,0,-1.32174e-17,-3.78849e-22,0,0
209.032,3.07481e-17,6.28729e-22,0,0,-1.11806e-17,-3.03414e-22,0,0
209.501,2.59406e-17,5.02122e-22,0,0,-9.45401e-18,-2.42875e-22,0,0
209.971,2.18764e-17,4.00811e-22,0,0,-7.99092e-18,-1.94313e-22,0,0
210.44,1.84418e-17,3.19775e-22,0,0,-6.75171e-18,-1.55385e-22,0,0
210.909,1.55404e-17,2.54994e-22,0,0,-5.70245e-18,-1.2419e-22,0,0
211.378,1.30905e-17,2.03233e-22,0,0,-4.81437e-18,-9.92075e-23,0,0
211.848,1.10226e-17,1.61896e-22,0,0,-4.06297e-18,-7.92084e-23,0,0
212.317,9.27774e-18,1.28903e-22,0,0,-3.42751e-18,-6.32091e-23,0,0
212.786,7.80612e-18,1.0258e-22,0,0,-2.89038e-18,-5.0416e-23,0,0
213.255,6.56537e-18,8.15916e-23,0,0,-2.43644e-18,-4.01906e-23,0,0
213.724,5.51972e-18,6.48644e-23,0,0,-2.05295e-18,-3.20234e-23,0,0
214.194,4.63884e-18,5.15403e-23,0,0,-1.72919e-18,-2.55027e-23,0,0
214.663,3.89702e-18,4.09323e-23,0,0,-1.45592e-18,-2.02992e-23,0,0
215.132,3.27258e-18,3.24912e-23,0,0,-1.22533e-18,-1.61492e-23,0,0
215.601,2.74715e-18,2.57776e-23,0,0,-1.03088e-18,-1.28411e-23,0,0
216.07,2.30519e-18,2.04409e-23,0,0,-8.66958e-19,-1.02054e-23,0,0
216.54,1.93359e-18,1.62007e-23,0,0,-7.28805e-19,-8.10645e-24,0,0
217.009,1.62126e-18,1.28337e-23,0,0,-6.12437e-19,-6.43586e-24,0,0
217.478,1.35887e-18,1.01612e-23,0,0,-5.14457e-19,-5.10701e-24,0,0
217.947,1.13849e-18,8.04115e-24,0,0,-4.31973e-19,-4.05041e-24,0,0
218.416,9.53496e-19,6.3602e-24,0,0,-3.62563e-19,-3.21079e-24,0,0
218.886,7.98255e-19,5.02809e-24,0,0,-3.04199e-19,-2.54391e-24,0,0
219.355,6.68031e-19,3.97295e-24,0,0,-2.5513e-19,-2.0145e-24,0,0
219.824,5.58836e-19,3.13765e-24,0,0,-2.13893e-19,-1.59445e-24,0,0
220.293,4.6731e-19,2.4767e-24,0,0,-1.7925e-19,-1.26133e-24,0,0
220.762,3.90625e-19,1.954e-24,0,0,-1.50159e-19,-9.97304e-25,0,0
221.232,3.26398e-19,1.54081e-24,0,0,-1.25742e-19,-7.88144e-25,0,0
221.701,2.72626e-19,1.21439e-24,0,0,-1.05255e-19,-6.22521e-25,0,0
222.17,2.27625e-19,9.56627e-25,0,0,-8.80715e-20,-4.91454e-25,0,0
222.639,1.89979e-19,7.53201e-25,0,0,-7.36636e-20,-3.87783e-25,0,0
223.108,1.58498e-19,5.92725e-25,0,0,-6.15879e-20,-3.05828e-25,0,0
223.578,1.32183e-19,4.66207e-25,0,0,-5.1473e-20,-2.41065e-25,0,0
224.047,1.10195e-19,3.66506e-25,0,0,-4.30026e-20,-1.89922e-25,0,0
224.516,9.18291e-20,2.87981e-25,0,0,-3.59118e-20,-1.49551e-25,0,0
224.985,7.64949e-20,2.26165e-25,0,0,-2.99795e-20,-1.17706e-25,0,0
225.455,6.36958e-20,1.77524e-25,0,0,-2.50169e-20,-9.25902e-26,0,0
225.924,5.30186e-20,1.39277e-25,0,0,-2.08664e-20,-7.27935e-26,0,0
226.393,4.41144e-20,1.09214e-25,0,0,-1.73988e-20,-5.72027e-26,0,0
226.862,3.66913e-20,8.55966e-26,0,0,-1.45018e-20,-4.49285e-26,0,0
227.331,3.05057e-20,6.70519e-26,0,0,-1.20825e-20,-3.52697e-26,0,0
227.801,2.53529e-20,5.24989e-26,0,0,-1.00629e-20,-2.76729e-26,0,0
228.27,2.10625e-20,4.10832e-26,0,0,-8.37729e-21,-2.17016e-26,0,0
228.739,1.74915e-20,3.21337e-26,0,0,-6.97156e-21,-1.701e-26,0,0
229.208,1.45203e-20,2.51207e-26,0,0,-5.79947e-21,-1.33258e-26,0,0
229.677,1.20492e-20,1.96285e-26,0,0,-4.82251e-21,-1.04341e-26,0,0
230.147,9.99476e-21,1.53292e-26,0,0,-4.00861e-21,-8.16593e-27,0,0
230.616,8.28743e-21,1.19655e-26,0,0,-3.33074e-21,-6.38739e-27,0,0
231.085,6.86913e-21,9.33515e-27,0,0,-2.76645e-21,-4.99368e-27,0,0
231.554,5.69134e-21,7.27935e-27,0,0,-2.29688e-21,-3.90209e-27,0,0
232.023,4.7137e-21,5.67336e-27,0,0,-1.90626e-21,-3.04755e-27,0,0
232.493,3.90248e-21,4.41948e-27,0,0,-1.58146e-21,-2.37893e-27,0,0
232.962,3.22963e-21,3.44094e-27,0,0,-1.31148e-21,-1.85606e-27,0,0
233.431,2.67177e-21,2.67772e-27,0,0,-1.08716e-21,-1.44735e-27,0,0
233.9,2.20942e-21,2.08271e-27,0,0,-9.00868e-22,-1.12808e-27,0,0
234.37,1.82638e-21,1.61911e-27,0,0,-7.46213e-22,-8.78782e-28,0,0
234.839,1.50916e-21,1.25805e-27,0,0,-6.17863e-22,-6.84225e-28,0,0
235.308,1.24656e-21,9.77021e-28,0,0,-5.11394e-22,-5.32465e-28,0,0
235.777,1.02926e-21,7.58377e-28,0,0,-4.23109e-22,-4.14159e-28,0,0
236.246,8.49513e-22,5.88367e-28,0,0,-3.49924e-22,-3.21971e-28,0,0
236.716,7.00886e-22,4.56234e-28,0,0,-2.89291e-22,-2.50176e-28,0,0
237.185,5.78037e-22,3.53598e-28,0,0,-2.3907e-22,-1.9429e-28,0,0
237.654,4.76539e-22,2.7391e-28,0,0,-1.97486e-22,-1.50813e-28,0,0
238.123,3.92713e-22,2.12073e-28,0,0,-1.63073e-22,-1.17e-28,0,0
238.592,3.23508e-22,1.64115e-28,0,0,-1.34607e-22,-9.07248e-29,0,0
239.062,2.66396e-22,1.26935e-28,0,0,-1.11066e-22,-7.03162e-29,0,0
239.531,2.19282e-22,9.81293e-29,0,0,-9.1606e-23,-5.44683e-29,0,0
240,1.80431e-22,7.58215e-29,0,0,0,0,0,0
